composition,delta_e
As1Y1,-1.555731815
Ga1P1,-0.534168956979969
Ga2Mg1S4,-1.06850412146001
Cd4K1O12V3,-1.96876501556994
Al1Ca1Fe1Na1O12Si4,-2.94906688674055
Hf1O3Pb1,-2.83032030252725
Al2Ba2Co1F14Mn1,-3.48839045683143
Ba2Cd1F14Fe2Mn1,-3.00783590008143
Be2O4Si1,-3.02079260907357
Ba2Ca1Cu1F14Ga2,-3.32560076689177
Ge1O4Zn2,-1.80905281002596
Ca1Cr1F7Sr1,-3.70743045464177
As3Ga1Na6,-0.523152268260989
Ga1Na6P3,-0.54852254869897
Al2Ba2Cu1F14Mn1,-3.46337505258143
O4Si1Zn2,-2.28662469740691
Al2Ca1O4,-3.29389963383548
K3Nb3O13Si2,-2.81844460602018
Ga1Sb1,-0.167087975
Ba1O4Sc2,-3.53412698621643
Ge3Na4O12Zr2,-2.47788751018817
Ba3In2O11Zn5,-2.03881828665078
Ba1Mn1Sb2,-0.452686898448276
Ge4O9Sr1,-2.15895474806491
Ba1Co1O4Si1,-2.51807792768344
Ge2K3Nb3O13,-2.46943995649637
Ba1Mg1O4Si1,-3.15637228728786
Na2O13Si4Ti2,-2.99497502931903
Ba2Cu5F14,-2.42274291680169
Ba1O4Si1Zn1,-2.78089328954976
Cu2Hg1Sn1Te4,-0.162674701893849
Ag1Au1Te2,0.138302785208335
As1Ga1,-0.352947975000001
Fe1O2Rb1,-1.61944615504294
Fe1O1,-1.5186563421465
Ni1O2Sr1,-1.9589379482988
Be2F5Rb1,-3.41796791070694
Cl2Mn1,-1.32470122167712
Hf1Se2,-1.346354685
Cd1F2,-2.45576919942074
In4O7Rb2,-1.75816417239625
Cr1K3Mn1O8,-1.69792834950009
Ca1F2,-4.21940666942074
Ag1As1Mg1,-0.222017740555556
K2S1,-1.16282027800445
Ca3O8V2,-2.91284966135379
Be2F8K2Pb1,-3.2006149371576
Ba3Nb2O8,-3.08714777284846
Ba3O8V2,-2.94719268443071
Cu3O8V2,-1.65225023789694
Cd2Mn3O8,-1.67275503720505
O8Sr3V2,-2.9499773267384
Ga4Ge1O8,-2.06093230169462
Ba1Ni2O8V2,-2.25263625465189
K4O7V2,-2.32974377936312
Ge2K2O7Pb2,-1.83034140701164
Fe2K6O5,-1.47412470047863
Be2F8K2Sr1,-3.55776384561914
Hf1S2,-1.7694135310089
Ge1Te1,-0.0877996241666654
Na2Te1,-1.01122733501221
Cl3Fe1,-0.967269901714342
K3N1,0.426367343664123
Cl3Sc1,-2.38749071046434
K2O1,-1.16374723195958
Cl2Fe1,-0.956567510412749
Na2S1,-1.24672851857222
K2Se1,-1.11070292
Se2Sn1,-0.374788702283734
K2Te1,-1.03371330444444
S2Zr1,-1.70274221267557
Cl2Sr1,-2.73418367041275
Fe2Mg1O4,-2.07985458850145
Al2Mg2Se5,-1.02594533425926
Cl6Rb2Ti1,-2.03671265305567
Ag1Ca1P1,-0.859500121042201
Ba1Na1P1,-0.894807775492751
Ba2F6Ni1,-3.37414871053185
Hf1Te2,-0.826892677222221
Na2O1,-1.42864745252735
Na1P1Sr1,-0.92445402438164
Cr1F3,-2.88322812559833
Fe1K1O2,-1.57998262754294
Cl6Rb2Sn1,-1.73592448117399
Cl2Cu1,-0.711210633746082
Cl6K2Mn1,-1.64233957750087
S2Ti1,-1.46304877727099
F2Sr1,-4.2059876560874
Ba1Ni1O5Y2,-2.99881624398127
Cl6Pb1Rb2,-1.5450487859683
Cl6Mn1Rb2,-1.66382509305643
Ag1As1Ca1,-0.8027823475
Cl6K2Ti1,-2.010257966389
Ba2F6Zn1,-3.58810476830963
As1Na1Sr1,-0.914962465283882
Ba1Cu1Fe1O5Y1,-2.38330236827722
Ge1Mg2O4,-2.58946205312119
Mg1Sc2Se4,-1.58322733845238
F3Mg1Na1,-3.51199437848233
Ba1Cl2,-2.80475097374608
Mg6Mn1O8,-2.75384337028279
Ba3Mg1Nb2O9,-3.1070445994717
Al1F7Mg1Na2,-3.58076151679888
Mg1O5Ti2,-3.20932444451662
In2Mg1O4,-2.13361911752596
F2Hg1,-1.65529646440949
Mg1N2Si1,-1.29209655308842
Ge1Mg1N2,-0.69540863746342
Al2Mg1O4,-3.22983205966881
F2Pb1,-2.65772386942074
Ga2Mg1O4,-2.3840365253831
Mg2O4Sn1,-2.51456503409994
Rb2Se1,-1.06579418666667
Mg1S4Sc2,-1.95524024574573
Cl4Mg1Na2,-2.06564161547807
Mg1Se4Y2,-1.71238191702381
Ba1Ca2Mg1O8Si2,-3.23722528115691
K6Mg1O4,-1.49666417388015
Rb2S1,-1.10369049800445
Mg1O6V2,-2.48013193055649
In2Mg1S4,-0.983431109317157
Al2Mg1S4,-1.36095772253144
Ag1Sc1Se2,-1.099498933125
Cu1O6V2,-1.97008065972542
Mn1O6V2,-2.31657202867262
Ca2Mg1O7Si2,-3.22993298960983
Mg1O7Si2Sr2,-3.2477459762765
Cl3K1Mg1,-2.11870043670481
Ca1Mg1O6Si2,-3.19096253244392
Ba2Ge2Mg1O7,-2.63590854210983
Ge1Mg1O3,-2.40391583986059
Ba2Mg1O7Si2,-3.20902337335983
Ge2Mg1O7Sr2,-2.65943421335983
Mg3O8V2,-2.69686382846917
F6Ge1K2,-2.97952690553185
Al2Cl8Mg1,-1.8766246921927
Cl2Ni1,-0.835216247079415
Mg2O4Si1,-3.07866739776405
Ge1Mg2S4,-1.15363489955525
N2Na1Nb1,-0.848091125384665
Mg1Mo1O4,-2.56132240419695
Cr1Ga1P2,-0.215758250729968
Mg1Se1,-1.26779763208333
O1Sn1,-1.53707803886498
Au2F8Mg1,-1.96469367474687
Na1S2Y1,-2.02708774846959
F6Rb2Si1,-3.37697803330963
Cr1Na1Se2,-0.834195885212912
F6Ge1Rb2,-2.98736988553185
Te2Zr1,-0.88034044222222
Ge1Mg1N4Sr3,-0.768193977560077
Mg2Mo3O8,-2.45579249233564
Fe1Na1O2,-1.80917220525585
F3Mg1Rb1,-3.49888139197866
N1Na3,0.092471370525387
Mg1Na2O4Si1,-2.70574054054812
Cd1S2Zn1,-0.855382869506678
Mg4Nb2O9,-2.9497124359717
Fe1Na1S2,-0.76756142096959
Hg1Se1,-0.182984242483134
Cu1O1,-0.805811471282877
In1Na1S2,-1.04801161221959
Mg3N2,-0.862217904887405
Mg3P2,-0.777500853583977
Mg2O7V2,-2.6261181500049
Ag1Fe1O2,-1.19788795191794
Cd1O2Sr1,-2.06204610543938
In1Na1O2,-1.88506667315229
Cu1F6Sn1,-2.33055247520473
Cu1Mn1O2,-1.54633147891409
Ca1Hg1O2,-1.95030918168094
P1Sc1,-1.61907393197997
Mg1Nb2O6,-2.92392586827102
Ag1Cl1,-0.617803421559561
Cr1Na1O2,-2.3317397054671
Cr1K1S2,-1.07265511575668
Hg1S1,-0.248713479489813
In1N1,-0.0185233226717534
Al4Mg2O18Si5,-3.16590554910865
Ba1Hg1O2,-1.80310736918094
Hf1N2Sr1,-1.48735207892175
O1Zn1,-1.64890428793938
O1Pb1,-1.32143429543938
Ca1Cu1O2,-2.02243212086113
Fe1Se1,-0.282393007500001
Ca1Se2Zn1,-1.17539227
F1Hg1,-1.35693562204869
Ag1Cr1Se2,-0.362695836875
Ga1N1,-0.579270357671753
Ag1Cr1O2,-1.73061092462919
Cr1Na1S2,-1.11093694471959
Cd1S1,-0.790042237006678
Al1N1,-1.50986354267175
Be1O1,-2.96620982793938
Ca3Mg1O8Si2,-3.23977281972834
Ba1Ca1O2,-2.73560776793938
Cl3Mg1Rb1,-2.14220214470481
Cd1Hg1O2,-0.863034931680944
Fe1O2Sr1,-2.26755776754294
F6K2Ti1,-3.45869018984143
Cl1Hg1,-0.695104885292696
Ca1O2Sr1,-3.01844659793938
Ba1O2Sr1,-2.76113920793938
Ca2Mn3O8,-2.32716228874351
K1Na2Sb1,-0.492749150425824
F3Hg1Rb1,-2.18316525847192
Ni1Te1,-0.200786754166665
S1Sr1,-2.29507668200668
Mn1Se1,-0.36326581189655
Se1Sr1,-2.0724931
Cu1Te1,-0.0630781066666652
Cd1F6Ti1,-3.17799143107161
F3K1Mg1,-3.535454168312
Ca1S1,-2.31351990700668
Mg1S1,-1.57958912659001
F3Hg1K1,-2.14802525547192
Ag1F3Zn1,-1.95204356097866
Hg1O2Sr1,-1.88784440918094
Ba2N2Zn1,-0.502135138137402
F3K1Mn1,-2.81857532923728
F3K1Ni1,-2.38543059047866
Ba1Mg2Sb2,-0.775940051666668
Ca1Mg2Sb2,-0.723441199666668
F3Mn1Rb1,-2.81456108823728
Ba1Mo1O3,-2.58380821952725
F3Fe1K1,-2.55141269247866
Ca1Sb2Zn2,-0.456205992
As2Ca1Mg2,-0.956268829666668
Ba1P2Zn2,-0.748720509583975
F6Ni1Pb1,-2.09548212059833
Mg2Sb2Sr1,-0.761447947666668
Ba1Fe2P2,-0.917158365583975
Cd2Sb2Sr1,-0.522578818
O3Pb1Ti1,-2.51383684028451
Mg2N2Sr1,-0.79688123980407
Ag1Cr1S2,-0.613523836381678
Sb2Sr1Zn2,-0.488333468
K1O2Sc1,-2.96539449043938
As2Ca1Cd2,-0.606111508
Cd2P2Sr1,-0.700330219583975
As2Ca1Zn2,-0.66690398
Ba1Cd2P2,-0.690945653583975
F4Si1,-3.34501199830488
Ba1Cd2Sb2,-0.55496657
Ca1Cd2Sb2,-0.47484492
Be2Mg1N2,-1.14210889997074
As2Ba1Cd2,-0.645909306
P2Sr1Zn2,-0.792168135583975
Ca1Cd2P2,-0.677684067583975
Ba1O3Sn1,-2.43842749489749
Ba1Mg2P2,-1.03813832325064
Ca1P2Zn2,-0.806240317583975
As2Ba1Mg2,-0.952409481666668
F4Ge1,-2.57864712230488
Ba1O3Zr1,-3.47419320952725
In2Se3,-0.48730623
Ca1F3Rb1,-3.70933047947866
S1Zn1,-0.956002437006679
Fe2P2Sr1,-0.931702721583974
As2Sn2Sr1,-0.589854764740481
As2Cu2Sr1,-0.513617720000001
Hg1K2O2,-1.22678022734476
As2Ni2Sr1,-0.678002024000001
F3K1Zn1,-2.78903540647866
Ni2Sb2Sr1,-0.536726162
As2Fe2Sr1,-0.546280644
Ba1Se1,-2.05210906
Mn1O3Ti1,-2.83747927972688
Ba2Cu1Hg1O4,-1.81400995127104
K2O5Ti2,-2.85905801299625
Mo1Ni1P2,-0.698964271979968
Ga2Se3,-0.588927451999999
K2Mn1Te2,-0.763327974091952
K2Mn1Se2,-0.94997272175862
K2Mn1S2,-1.09760200136396
Cr1K1O2,-2.16931485150419
Fe1Mo1O6Sr2,-2.57350043536868
Ba2In1Nb1O6,-2.79866341252725
O3Sr1Ti1,-3.3524676652845
Ca1Mg2N2,-0.907394917804071
Cl4Pb1,-0.891795351495298
Be2Ca1N2,-1.1958715821374
F6Rb2Zr1,-3.6010143660874
Cl3Ni1Rb1,-1.38653788937147
Ni1O3Ti1,-2.46731961457204
Cu1Ge1O3,-1.42368543386465
Cl3Ge1Rb1,-1.54441609437147
F4Sn1,-2.65949193867513
Al2Se3,-0.846610895
Hg1O3Ti1,-2.03784593327776
Ga2O3,-2.10084994652725
F6K2Na1Y1,-3.54133561306383
Ga1In1O3,-1.97035719952725
F6Fe1K1Rb2,-2.84695849297866
Cl4Zr1,-2.0617246554953
Ga1In1S3,-0.788069127408014
Mn1Rb2Te2,-0.763558443091952
O3Ti1Zn1,-2.58906115528451
Ge1Mn1O3,-2.02396760496963
Al2O3,-3.25358295452725
Ga2S3,-0.834109777408014
Cl3Mn1Na1,-1.61692139430042
Na2Ni1O2,-1.3400693429797
Ba1S3Ti1,-1.81955572916527
Ca1O3Sn1,-2.54273223289749
K2P2Si1,-0.590191996583975
Mg1O1,-2.94594340252271
Fe1In1O3,-1.7411188042101
Cr2Se3,-0.524640638999999
Hg1O3V1,-1.72608448657743
Cd1O3Sn1,-1.70058931289749
Ag2Hg1S2,-0.164553153598596
Ba2Nb1O6Y1,-3.28500442002725
Ca2Cd1P2,-1.02104068558398
Mn1Ni1O3,-1.59622953725716
Cr2O3,-2.48172841523096
F6Rb3Y1,-3.42072313897866
K2O2Zn1,-1.4778885093515
Mn1O3Sn1,-2.02439636233987
Ge1O2,-1.88885828891917
Fe1O3Ti1,-2.59959695996735
Mn1O1,-2.03612689904531
Mg1O3Ti1,-3.17551582911784
Mn1Rb2S2,-1.07648256936396
As2Rb2Sn1,-0.438956404370241
Ca2O6Si1Ti1,-3.22222570540588
Cl6K2Mo1,-1.63401986263497
Ba2Mn1Mo1O6,-2.67314532274844
Ag1Cr1Te2,-0.137119091041665
Mo1O3Sr1,-2.60909595952725
Ba2Fe1Mo1O6,-2.53601130236868
Mn1O4Sr2,-2.59498658367527
F2Mn1,-2.62925141735177
Mn1Rb2Se2,-0.93837089075862
In2O7Si2,-2.51514789192284
K3Sb1,-0.41762009125
Mn2O7V2,-2.33829875874039
F4K2Ni1,-2.56254932664635
Ca1Fe2P2,-0.958065311583976
In2Se4Zn1,-0.608733287142857
Mo1O8V2,-2.17459045341811
Ba1Ni1O2,-1.8944588845488
Ge1Se2,-0.258813316666667
Cl7Mn2Rb3,-1.75971092224334
Fe1Nb1O4,-2.38647600198821
Cl2Zn1,-1.38316938791275
Ca1Ni2P2,-0.968373141583975
Ag3Na1O2,-0.645393962518193
Na2O3Si1,-2.60121290988993
O4V1Y1,-3.1141229839666
Ge1Na2O3,-2.03952514322326
Cl2Pb1,-1.39345322041275
Mn1S2,-0.481138804773271
F4Sr1Zn1,-3.38433251192074
F4Fe1K1,-2.69512561442074
Mo1O4Sr1,-2.8045921697525
Al1Nb1O4,-3.04395544558584
Fe2O5Sr3,-2.41459709662222
Ba1Be2N2,-1.0456457501374
Ca2Fe1N2,-0.812655280137403
F6K2Na1Sc1,-3.54870303706383
Cd1F3Na1,-2.66372949064899
Mn1Na1Sb1,-0.177714079881583
Cu1Na2O2,-1.24118260102956
Cl4Hf1,-2.1162522174953
Ba2Sb2Zn1,-0.87573513
K2Te2Zn1,-0.879703071333332
Al1F6K3,-3.38187541597866
Ba3In2O6,-2.35701081320659
Ge2In2O7,-1.88851216465012
As2Ba1Cu2,-0.501221422
O2Sn1,-1.95348513953624
Cu1F2,-1.73034320775407
N2Sr1Zr1,-1.39208454767175
Cd1Ge1P2,-0.223976144479968
Ca1Mn1O3,-2.33948552796963
Fe1Ga2Se4,-0.456496291428572
Cl4Mn1Rb2,-1.81932071089566
As1K1Sn1,-0.436443615617067
Cd1In2Se4,-0.591114747142857
K1Te2Y1,-1.41264866416666
Fe2O6Sr3,-2.463758080191
Ag2Ni1O2,-0.576201088639038
Ga2Mn1Se4,-0.567256364827586
Cl6K4Mn1,-1.90136824522799
Cu2Sn1Te3,-0.154039597808532
Ag1Au1Cl4,-0.603590591662748
Cu1F4Sr1,-2.9529485610874
As1Cd1Na1,-0.429177308617216
Au1F4K1,-2.0119063785874
Cl2Sn1,-1.26448916519648
Ag1Na3O2,-1.23942369696874
Ga1Nb1O4,-2.54193476308584
Cr1Mg1O4,-2.13613074532349
Cd1Cr1O4,-1.58109694129571
F3Y1,-4.198114604765
O7Sr3Ti2,-3.30613114156032
F4Pb1,-2.12693580530489
Ca1F4Zn1,-3.3785200910874
Ca1Mo1O4,-2.7846454647525
As2Ba2Cd1,-0.949648812
Cr1P2,-0.596696305973291
Al2Hg1Se4,-0.688039052138038
Cd1Cu2S4Sn1,-0.57332758411308
F4Ni1Rb2,-2.53120552664635
Cl6Rb2Zr1,-2.19545034930164
Ag1Te2Y1,-0.930750786041665
Al2Cd1Te4,-0.466304717619046
Ga2Ni1S4,-0.689645758007633
Ba2Cu1O3,-2.14834917322054
K2Ni1O2,-1.31073326563904
O6V2Zn1,-2.14665583287131
Cu2Mg1O3,-1.49672524502949
As1Mg1Na1,-0.682587293339439
F2Ni1,-1.92510843942074
Cl4K2Mg1,-2.12887562023474
F2Zn1,-2.56711395275407
Cr1P1,-0.659261878229969
O7Sc2Si2,-3.43443707101375
As2Cd1Sr2,-0.964005468
F6Fe1K2Na1,-2.86351550356383
Ba1Mn2P2,-0.859324541101215
As2Mn3,-0.162470103275861
Ba1Ni2P2,-0.878947201583975
Hg1Mo1O4,-1.64363593974688
F7K3Zn2,-2.82061766657648
Ca1Cu2O3,-1.60699443100171
Na6O5Pb1,-1.51839503704197
Ba1Cu1F4,-2.9375555585874
Cd1Na1Sb1,-0.377147112783883
Au1F4Rb1,-2.00876249192074
Cr1Ni1O4,-1.53443650236866
F2Sn1,-2.5429584500378
Au1F4Na1,-1.96768430622935
Al1P1,-0.736775389479969
As2Ca1Fe2,-0.548115858000001
Hg1Te1,-0.137294654149799
Ba1Fe2S3,-1.12558272867335
F7K3Mn2,-2.83985234470866
Mo1O4Pb1,-2.0693676647525
Al1K1Mo2O8,-2.5141552660025
Hf1O2,-3.83914897558584
As2Ba1Fe2,-0.546001152000001
Hf1O4Si1,-3.4748656347525
Ag1K1O1,-0.950897641126251
Ag2Ge1S3,-0.370366666173345
Mn1Se2,-0.310418663764368
K1Mo2O8Sc1,-2.65700703141917
As2Ba1Ni2,-0.667587262000001
Mn1Te2,-0.124816980986587
F2Ge1,-2.3129872985874
Ag1Fe1Te2,0.164325034791668
Ag1Ca1Sb1,-0.711558560833334
Cr1Cu1O4,-1.35225007157688
K1Na1S1,-1.21461378578834
Ca2N2Zn1,-0.796709866137402
As2Ca1Ni2,-0.686548668
K1Nb1O3,-2.69421751252725
Au1Cl4Rb1,-1.17027307791275
Ba1F4Mn1,-3.38113860921959
Cl2Hg1,-0.817190008734838
O4Sc1V1,-2.96696136396661
Cr1O4V1,-2.38519473634315
Cl7K3Mn2,-1.74148017016001
Ni1O2Rb2,-1.26725817163904
Ba1Mn2Sb2,-0.310691729517241
Cd1Mo1O4,-1.96138258891917
F7K3Ni2,-2.49127986657648
Ca1Cr1O4,-2.38666812712905
Cr2Fe1K1O8,-1.7816853482469
Al1As2Na3,-0.574436798759158
K1Na1Se1,-1.14494267611722
N2Sr2Zn1,-0.647832490137403
Ca1Cu2P2,-0.664753117583974
Mn2Sb2Sr1,-0.20306912151724
F2Fe1,-2.19245672942074
Hg1O2Rb2,-1.18340044734476
As1In1,-0.2489241325
K1P1Zn1,-0.546136239653312
N1Y1,-1.79522274517175
Mo1Te2,-0.270957975555554
Cu1S1,-0.343549052840012
Al1As2K2Na1,-0.595422691808608
Rb2Se3Sn1,-0.926884747808533
Na1O3Rb1Ti1,-2.62866726287903
Cu2S3Sn1,-0.492283807315212
As2Mn2Zn1,0.0792177584827591
Cu1O3Sr2,-2.30516083655388
As1K1Zn1,-0.482976281666667
As2Mo1,-0.255010431666667
Ca2Cu1O3,-2.41303638488721
N3Na1Si2,-1.15266455031369
K2S3Ti1,-1.50886163680439
Ba1F4Fe1,-3.1519800635874
Al1K2Na1P2,-0.656875637295254
Ag2Te1,-0.0652728844444432
Ba3S7Zr2,-2.01926085234112
Ag1Ba1Te3Y1,-1.26558081458333
O2Ti1,-3.24264089184792
As1Hg1K1,-0.343122168322089
K1Na1Te1,-1.04630572472833
K1Rb1S1,-1.12465005883779
Cd1Cu1F4,-2.06162656942074
In1K3P2,-0.467047245486646
F4Mg1Sr1,-3.95202777428185
K1Sb1Zn1,-0.412935426666667
Na1Sb1Zn1,-0.348417678617216
Cu2Se3Sn1,-0.304137246141867
Be1Cl2,-1.66521271707941
Nb1O4Y1,-3.36928220808584
Ag3Rb1Se2,-0.433072115416667
Ag1Ba1Se3Y1,-1.55447085458333
Mo1O2,-2.1547869672525
Nb1O4Sc1,-3.28530504558584
As1Ca1Rb1,-0.858810323333334
Ag1Au1F4,-1.35550780900407
Fe1K1Mo2O8,-2.18621834420369
Al1F4Na1,-3.60345649122935
Ba1F4Sn1,-3.34857757722927
As2Ba1Mn2,-0.557964441517241
Na2Se3Zr1,-1.33974324778388
Ag1Hf1Rb1Te3,-0.774880557083331
Cd1K2Sb2Sr1,-0.631978113333333
F7K2Mn2Rb1,-2.839126701792
Fe1Mo2O8Rb1,-2.18992738712036
Na1Rb1S1,-1.19687668328833
As4Ge3,0.0019339107142855
Ag3K1Se2,-0.432135895416667
Ga1K2Na1P2,-0.563196342295254
As2In1K2Na1,-0.520243705975275
As2Ga1K2Na1,-0.527054022641941
Ge1Rb2S3,-1.09744733450668
In1K2Na1P2,-0.530890622295254
Rb2S3Si1,-1.27707672117335
As1Cd1K1,-0.434280323333333
Cu1Se1,-0.13754039
Ag3Rb1Te2,-0.396487475694444
Cu2Ge1S3,-0.469682557840012
O4Si1Ti1,-3.01179171455021
K2O3Ti1,-2.60267387440375
As1K1Mn1,-0.256089319597701
As1K1Mg1,-0.693726668055556
F4Pb1Sn1,-2.56539253139594
Ni1O1,-1.24151304615822
Na1P1Sn1,-0.457934223887596
In1Nb1O4,-2.4472085197525
Cd1K1Sb1,-0.411279936666667
Ag1Na3S2,-1.02794930968028
Ge1Hf1O4,-2.87653476058584
Ge1K2Se3,-0.877042221666667
Cl4Sr1Zn1,-2.04884909624608
In1K1O2,-1.79116342085604
N1Sc1,-2.01993888017175
Cr1Hg1O4,-1.23006836545676
Ba1Cd1K2Sb2,-0.640057676666666
Mo1P2,-0.685067019306625
Ba2Ca1Cu2Hg1O6,-1.8513961261344
Pb1Se1,-0.568947155
As1Be1Na1,-0.432157593617217
K2Se3Sn1,-0.916259158641867
Ca1O1,-3.19367239793938
As2Mn2Sr1,-0.45497032551724
Mn1Rb1Sb1,-0.116311967931034
P1Y1,-1.75392532197997
Ge1Hf1Te4,-0.46387906472222
Ge1Te4Zr1,-0.515137858055553
Ge1Rb2Se3,-0.886092065
K1Sb1Sn1,-0.378971425617067
Cu1F6Zr1,-3.06765065309833
Hg1K2Se4Sn1,-0.733994258977184
Cu2Ge1Te4Zn1,-0.189740571041666
Cr1F6Na1Rb2,-3.06807911056383
As2K2Si1,-0.461500059
As2Ba2Zn1,-0.950309619
Cu1F3Rb1,-2.29523027047866
Cd2O7V2,-2.02184636288368
O2Zr1,-3.63298243058584
Ge1O8Zr3,-3.18705526766917
Ba1O1,-2.68244427293938
O1Sr1,-2.94105617793938
Ag1Ba1Sb1,-0.2941839075
F6In1K2Na1,-2.98307963156383
Cr1F6K2Na1,-3.07433071556383
Na2S2Zn1,-1.144588322946
As2Ge1K2,-0.405740568
As2Rb2Si1,-0.449489136
Mn1O6Sr2Zr1,-2.94594739874844
Mo1Ni1O6Sr2,-2.52065149417102
F6Ga1K1Rb2,-3.04315573147866
In2S6Zn3,-0.789172922189104
O4Si1Zr1,-3.3764003797525
Ag1Sb1Sr1,-0.3892116025
Cd1O3Ti1,-2.48064017428451
Mo1O6Sr2Zn1,-2.55029846952725
Ca1Rb1Sb1,-0.814797415
Pb1Te1,-0.408235966666665
Ge1O3Zn1,-1.79823276752725
Cu2Sb2Sr1,-0.445953987
Hg1O3Sn1,-1.29506150789075
Be2N2Sr1,-1.1383839101374
As2Ca2Cd1,-0.949382924
Ca1O7Si2Zr1,-3.3347879664683
In1O4V1,-2.14015861229994
In1Mo2O8Rb1,-2.22301713308584
Ge1O4Zr1,-2.78185391808584
As1Na1Zn1,-0.462366496950549
K1Mg1P1,-0.741373759375536
As2Cr1,-0.128291073333333
Be1Na1Sb1,-0.210662911950549
Ba1In2Te4,-0.785431844761903
Cd1In2S4,-0.771463397293347
Ba2Ge1Se4,-1.359130515
Ni2P2Sr1,-0.889319839583975
Ba1O3Si1,-2.94087231319392
F11Mn1Na1Zr2,-3.63017406167246
Mn1Ni6O8,-1.36521813852453
In2Te3,-0.0118306786666651
F11Fe1Na1Zr2,-3.53269332208625
K1Na1O1,-1.28073442391013
Ga1K3O3,-1.78090705180518
In2S4Zn1,-0.78420309015049
Fe1K3O3,-1.61531519229293
Ba1Ca1Fe4O8,-2.10572937290621
Ga2O4Zn1,-2.01806383050215
Ca2O4Sn1,-2.75725226790946
N4Si3,-1.21451181305343
Ge1S4Sr2,-1.56852580015049
Cr2Mn1O4,-2.4494572248922
Cd2K2O3,-1.30979337037661
Ge3N4,-0.159293074482004
K2O3Sn2,-1.65854407019124
Ga2Sr1Te4,-0.74581248690476
In5K1S8,-0.832709090507633
Cr2Hg1O4,-1.9263238945714
Al1O3Rb3,-2.08058683680518
Al1F5Mn1,-3.3102569513498
In5Rb1S8,-0.836395113721918
Cd2O4Si1,-2.07214304835929
Cr2O4Zn1,-2.3199651352905
Ge1Hg2O4,-1.09126971192108
Au2Ba1O4,-1.28073023335929
N4Sn3,0.0586406704389099
Cu2Ge1O4,-1.20194118955557
Cd1Ga2O4,-1.88339907978786
Fe2Ni1O4,-1.55070145239731
Cr1Na2O4,-1.9711838084968
Ge4O9Pb1,-1.84264112020777
S4Sn1Sr2,-1.57539938112923
Al2Ni1O4,-2.47736332642181
Cd1Fe2O4,-1.5902946386205
Ba1Mn2O3,-2.28144063367667
Cd1Te1,-0.467199726666665
Cr5K1S8,-0.958666121221919
O5V2,-2.25985595642328
Ge1Mn2O4,-2.01945896256268
Cd1In2O4,-1.70305032121643
K2Mo1O4,-2.33255073193072
Fe2O4Zn1,-1.71701116719193
Cd1Cr2O4,-2.19661621600479
Cd1Ga1In1S4,-0.729068670864775
Fe1S4Sc2,-1.56956748372192
Mn1S4Sc2,-1.71630308569236
Cd1Cr2S4,-0.858250656579062
Cr2Cu1Se4,-0.485235585714285
Al2Fe1O4,-2.69342701527561
Al2O4Pb1,-2.73596532335929
Cr2Cu1O4,-2.03349236124579
Cd2O4Sn1,-1.57798610362375
K2Mn2O3,-1.75941450886571
Ca3Cr1N3,-1.01870416371865
In1Rb3S3,-1.18087616814858
Ba1Ga2Se4,-1.09819398785714
Al2O4Zn1,-2.86363856407357
Au2O4Sr1,-1.31361575621643
Au2Ca1O4,-1.31029257978786
Fe2Ge1O4,-1.79068750219193
Al1K3O3,-2.15260643037661
Ga1N3Sr3,-0.725512832290075
Ag2Ba1Mn1O8V2,-2.09097390748651
Ge1Se4Sr2,-1.3100978
Cd1Sc2Se4,-1.40079063071429
Cd1Se4Y2,-1.53135917857143
Cd1S4Y2,-1.84030825372192
Cr5Na1Se8,-0.604777524346547
Cr5Rb1Te8,-0.323430779761903
In2Mn1S4,-0.746603214978075
Hg1In2S4,-0.618163371574242
Ba3Fe1N3,-0.637372886575789
Hg6O7Si2,-1.42453471806326
Cl8Mn1Na6,-1.91446113292373
Au2O8Sr5,-2.196587663802
Cd1Cl8Na6,-1.91552092533752
F11Na1Ni1Zr2,-3.47340214875292
Ni1S1,-0.506006115340012
S2Si1,-0.861061924342238
K2O3Pb2,-1.45008821537661
Al2S4Zn1,-1.18240362157906
Ga1O3Rb3,-1.71527401251947
Cr5Rb1S8,-0.959784845150488
Fe2Mn1O4,-1.75150947036505
Al2Ba1O4,-3.285722857645
O4Pb1Sr2,-2.31033934050215
Ag2Mo1O4,-1.37797807835929
Al1K1O4Si1,-3.02985569693072
Cr2Ni1O4,-2.10961607621017
Ca2O4Pb1,-2.40536872907357
Al2Ba1Te4,-0.89865498690476
Cd1Cr2Se4,-0.562359276428571
Cr2Fe1O4,-2.17272448006397
Cr2Fe1S4,-0.715729816579062
Cr2Cu1Te4,-0.215048762619046
Mo1Na2O4,-2.31036651360262
Mo1O4Rb2,-2.32308402050214
Ba2Fe3O8Y1,-2.43976134051948
Cd1Cl4Na2,-1.74208019202568
Ge1Ni2O4,-1.61550607448434
Mn1Sc2Se4,-1.35193161768473
Cu1O7Rb4Si2,-2.25105356163131
Ga2O4Pb1,-1.90877797193072
Mn2S4Sn1,-0.622211512212975
Hf3N4,-1.71724374805343
Cr2S4Zn1,-0.913365697293347
Rb1Sc5Te8,-1.2529027722619
Al2S4Sr1,-1.62850856229335
Al2Pb1S4,-1.11655529729335
Al2Mn1S4,-1.11908168712093
Ca1Ga2S4,-1.27158412086478
Ag1Hg1O4V1,-1.32531634018084
K1S4Si1Y1,-1.59304059657906
Cd1S4Sc2,-1.72970918657906
Cr5K1Se8,-0.643736874642858
Cr5K1Te8,-0.318467423690474
Ge1K1S4Y1,-1.41939886372192
Ba1Ca1Ga4O8,-2.476840392645
Be2F8Na1Rb3,-3.27641281385004
Fe1K2Na1O3,-1.65725862384316
In2Sr1Te4,-0.736981364047618
Ba1Fe4O8Sr1,-2.09204096647764
Ag1In5Te8,-0.317684059583332
Ag1In5Se8,-0.509802231964286
Ba3Mn1Nb2O9,-2.99331034634138
F11Na1Zn1Zr2,-3.60670664675292
In2Ni1S4,-0.55168690515049
Ag1Ba1P1,-0.815652375486646
Cu2O3Sr1,-1.57049137183504
Ca1Mn2Sb2,-0.18129263751724
K1Mg1Sb1,-0.597223349722223
N1Na1Sn1,-0.223248222682119
Hg1O1,-0.454411862089178
Ni1Se1,-0.29762711
Na1P1Zn1,-0.530542854937195
Na1O1Rb1,-1.2277033205768
F2Mg1,-3.82317370247629
Cr1Sb2,0.0835736716666666
Ca1Cl2,-2.65266061707941
Hg1K1Sb1,-0.354231874988756
As1Mn1Na1,-0.323164518214917
Mn1Na1P1,-0.556668872868228
As1Mn1Rb1,-0.216159286264367
As4Si3,-0.0164521064285706
Mg1Na1Sb1,-0.557016350006106
Se4Ti1Zr1,-1.20497095563104
As4Sn3,-0.078946211507658
O2Pb1,-1.1145642422525
As2K4Zn1,-0.464433837142857
Al2Mg1Se4,-0.962231152738096
Hg1Na4P2,-0.484477966613248
As2Be1K4,-0.418388375714286
Se2Si1,-0.452806228333333
K1Mn1Sb1,-0.147915266264367
Al2Hg1S4,-0.980656140145671
Mo1S2,-1.05515148434224
Hg1K4P2,-0.437771750412306
Pb1Se2,-0.328742008333333
Te4Ti1Zr1,-0.779967086186597
Cu2Ge1Se3,-0.253790520833334
Al2Cd1Se4,-0.820676047142857
Al2Fe1S4,-0.945904069436205
F4K2Mg1,-3.35779908509873
Al1F5Fe1,-3.12083863509365
Ag1Al1O2,-2.17366387856438
Ba2Hf1S4,-2.09000108729335
Ba1F6Si1,-3.79920086372333
Cr3Ga1P4,-0.111265937604968
K4P2Zn1,-0.474911415417125
F4Mg1Rb2,-3.33132157795587
Be1K4P2,-0.453072856845696
As2Hg1K4,-0.440273140709467
F4K2Zn1,-2.84009358521778
Cd1K4P2,-0.427882656845696
Ga2Hg1S4,-0.697401535859957
Al2Mn1Te4,-0.352104043875203
Ag1Al1S2,-0.907936485131678
Cd1S4Zn3,-0.897260670756678
As2Mg1Si1,-0.317039328541668
Ba1F6Ge1,-3.35857623247333
Cr1Ga3P4,-0.354664260104968
Ba1F6Ti1,-3.90125966232161
Cd3O4Sr1,-1.63801499418938
O4Sr2Ti1,-3.2651776481859
Cd1O4Sr3,-2.49585751168938
Al2Hg1Te4,-0.372969118328513
Ag1Al1Se2,-0.626768384375
Mo1O4Sr2,-2.70491190335929
Ge1Mg1P2,-0.437373225521636
Cd3S4Zn1,-0.820107817006678
Te1Zn1,-0.469917279999998
Au1K1Se2,-0.5959789225
As1Rb3,-0.26479132625
K3P1,-0.281204244739985
Sb1Y1,-1.168041905
Al1Cl3,-1.77259726046434
Cu2Ge1Te3,-0.100059400833331
Cd1Te2Zn1,-0.466214090416665
Hg1In2Se4,-0.459104486423753
F4Hg1Rb2,-2.39464095164153
Cd1Na4P2,-0.483450615903781
Al2Se4Zn1,-0.837240048571428
As2Cd1K4,-0.435659177142857
Hg1In2Te4,-0.293393056899942
Ba2O4Zr1,-3.27346114335929
Ba1Be1O4Si1,-3.16599254835929
Ag1In1Se2,-0.434045353125
Cl8Mn3Na2,-1.55726939446428
Cu2Mn3O8,-1.48230559131074
Ba2O4Sn1,-2.57858799005232
Cd1O1,-1.23617653293938
Al2Te4Zn1,-0.462556583333331
Cl1Rb1,-2.13019923280956
Ag1F1,-1.15817396331555
Cd1Cu2Se4Sn1,-0.3917492758564
Al2Cd1S4,-1.13861845086478
F4K2Mn1,-2.85207741718822
Fe1Ga2S4,-0.686241682293347
Cd1Ga2S4,-0.853427419436204
As2Ge1Mg1,-0.274306167291668
Fe1N1,-0.228883157671754
Ba2O4Pb1,-2.20938018335929
Cl1K1,-2.14109800530956
Cd1Ga2Se4,-0.629458202857142
Ga2Hg1Se4,-0.501691379280896
Ba2S4Zr1,-2.05580740800763
S1Sn1,-0.63334445043228
Cd1In2Te4,-0.386951976190475
Cr2Mn1Se4,-0.503432481970442
Cu2Se4Sn1Zn1,-0.4097952696064
Ba1Ni1S2,-1.33714860200668
As2Cd1Sn1,-0.1616586942128
Cr2Ni1S4,-0.736398489436205
Se1Zn1,-0.718694705
In2Te4Zn1,-0.383562497619045
Ag1Al1Te2,-0.362110971041665
As1Sc1,-1.37674096
Na3Sb1,-0.522652109388736
Se1Sn1,-0.482558085925601
As2Si1Zn1,-0.1982120225
In1Rb1Te2,-0.711329880416665
Cd1Ga2Te4,-0.38159796190476
Na3P1,-0.48956155537872
Ge1S1,-0.397069518256679
Rb3Sb1,-0.36476219125
Sb1Sc1,-0.94237063
Al1O2Rb1,-2.72616486293938
Cd1P2Si1,-0.328307954479969
F1Na1,-2.97399618999138
As1Fe1,-0.213368098750001
As2Cd1Si1,-0.1280070675
In1Sb1,-0.1333398475
Ag3As2K3,-0.3741054596875
Ag2Ba1Se4Sn1,-0.7522145039814
Fe1Rb1Se2,-0.66995913
Au1N1,1.57789847232825
Cu2Ge1S4Zn1,-0.596900157631678
Al1Na1Te2,-0.700876596879577
F6Fe1Zr1,-3.32054511184833
Ag1Ga1S2,-0.658105708881678
Ba1Te1,-1.79088726166666
Be1N2Si1,-1.32587962017175
Fe1P1,-0.729207474479969
Cd1P2Sn1,-0.249496637442769
Ag1Na2Sb1,-0.428181199800824
Pb1S1,-0.684794142006679
Ga2Mn1S4,-0.831944789978075
Ba1F6Sn1,-3.35246168895473
Cu2Sn1Te4Zn1,-0.236013395023066
Au1Cu1F5,-1.4778048222365
Sb2Sn1Zn1,-0.0901409267128002
Al1Sb1,-0.1677793025
Ge1P2Zn1,-0.334959555729969
Ag1Ga1O2,-1.44946645106438
As1Cr1,-0.1985178275
As2Sn1Zn1,-0.2166287554628
Hg2Se4Sn1,-0.266785883826248
Ba1Ca3O4,-2.88075980043938
Ca3O4Sr1,-3.09026377668938
Ge1N2Zn1,-0.296268350796753
Ga1Na1Te2,-0.613280241879577
O2Rb1Sc1,-2.86904053918938
Ba1O4Sr3,-2.83523000918938
N2Sr1Ti1,-1.44564342861832
Ca1O4Sr3,-2.97297225293938
Ag2Ba1Ge1S4,-0.918507833256679
Ca3Se4Zn1,-1.46539856
Ge1Hg2Se4,-0.225201920704648
As1K3,-0.3348729075
P3Rb1Zn4,-0.394169908359976
Ba3Ca1O4,-2.68129267793938
Ga1Na1O2,-2.11114537252729
Ca1O5Si1Sn1,-2.78080036140562
P2Sn1Zn1,-0.339629414942769
As2Ge1Zn1,-0.16658347875
Fe1K1Se2,-0.66350519875
K1P3Zn4,-0.399983668984977
As3Cd4Na1,-0.232594461981456
As3Cd4Rb1,-0.253436760625
Cd4K1P3,-0.293064690234976
Ag1O2Y1,-2.47964647981438
Cu1Fe1O2,-1.34340649171469
Cu2Ge1Hg1S4,-0.426856032002462
Ca1Fe1O2,-2.34310671129294
Ag1K2P1,-0.416137810364984
As3Na1Zn4,-0.278529239481456
As3Cd4K1,-0.2580882925
Rb1Te2Y1,-1.39886829666667
Cu2Ge1Hg1Se4,-0.246053344995784
Ag1O2Sc1,-2.49325886856438
P2Si1Zn1,-0.438451336979969
Cr1N1,-0.567263862671753
Ag2Ba1S4Sn1,-0.924133452238079
Cu2Mn1S4Sn1,-0.568035437087216
Cu2Hg1Se4Sn1,-0.285537775227184
Ba3O4Sr1,-2.71314556793938
Ca1Se4Zn3,-0.9189750475
Cu1O2Sr1,-1.95758568961113
Cu2Hg1S4Sn1,-0.444209158483862
Fe1K1S2,-0.900469263256679
Cu2Ge1Se4Zn1,-0.368120770625
Ag1In1S2,-0.584512521381678
Cd1Ge2O5,-1.76205485742422
Al2As3K3,-0.57724878125
Ba1F6Zr1,-4.09482316809833
Fe1O5Ti2,-2.85452904379757
Mn1O5Si2,-2.7532827720757
Cl5K1Sn2,-1.50886147147475
Ba1N2Si1,-1.22987286704675
Ba1Cu2Se4Sn1,-0.7594922258564
Cr1Ga7P8,-0.437111686667468
Ag1Nb1Rb2Se4,-0.9411871046875
F3Fe1,-2.39266427184833
Nb3O10Rb1Sr2,-2.97880466242422
Ba1N2Zr1,-1.34935624767175
Cl1Na1,-2.05010813823539
Au1Cl3,-0.519684745464342
Fe1Na4O3,-1.57168364555714
Ba1Hg1S2,-1.28665596762325
Fe2O5Ti1,-2.25687316687606
F6Pb1Zr1,-3.50611807684833
Be3O4Sr1,-2.97664549106438
Al2O5Ti1,-3.2436964441475
Cu2Ge1Mn1S4,-0.550544769980815
Mo1O5Pb2,-1.89799243117422
Ge1Na2O4Zn1,-1.96253847690229
Au1Na1Se2,-0.535913724587912
Ba3O9Y4,-3.3838832914318
Cu2Ge1Se4Sr1,-0.703990003125
Ge1Mn1N2,-0.152357603620028
Ag2Cd1Ge1S4,-0.492656422631678
Ba1S2Sn1,-1.46107572684448
Ag2Hg1Se4Sn1,-0.255386127727184
Al1K1O2,-2.77575596356438
Ba2Ca2Cu3Hg1O8,-1.89088586544108
Cd1Cu2Ge1Se4,-0.352669441875
Mn1N2Si1,-0.737249559870028
Cd1Cu2Ge1S4,-0.556740876381678
Cr1O5Pb2,-1.61677535045663
Cu1Fe1Se2,-0.144017444375001
Ag1Cd2Ga1S4,-0.724818411694178
Al1Na1O2,-2.82694112502729
Ag2O4Si1Zn1,-1.62963725356438
As3Rb1Zn4,-0.297438480625
Ge1Se1,-0.22288659125
Ag2Ge1O4Zn1,-1.21838570356438
Ag1K2Nb1S4,-1.14773367231918
N2Si1Sr1,-1.28286728767175
Ba1Nb2O11V2,-2.75492633782722
Ag2Ge1Pb1S4,-0.451785464506678
Cu2Fe1S4Sn1,-0.493981254113078
Ag3O4V1,-1.19012065266245
F6K1Nb1,-3.35407988247333
Ca1O5Si1Ti1,-3.2821696616475
Ag2K1Nb1Se4,-0.67375173125
Na4O9Si3Sr1,-2.75894697595973
O10Sr4Ti3,-3.3195486382439
Ag4K2S3,-0.58917287078223
Ag2Ge1K2S4,-0.80566871233927
Ca4N4Ti1,-1.24975264279559
Ba3In2P4,-0.906502143982194
K2Mn3S4,-0.91080142693697
F6Na2Sn1,-2.98252955259346
K4O4Pb1,-1.46635985539056
K2O4Zn3,-1.58848686427945
F6Hf1K2,-3.69070426719852
Rb2Se5Sn2,-0.759083550966933
Ca1Mn2P2,-0.791570853101215
Al1F5K2,-3.46967210195694
Ag1As1K2,-0.409721704375
Cl3Ga1,-1.36961285921434
Ag1Na1O1,-0.996971207243468
Ga2Se4Zn1,-0.650064558571429
Cu2Fe1Ge1S4,-0.480731035131678
Ag1In1O2,-1.27157076856438
Ag1Fe1S2,-0.309199323881678
Be1O2Zn1,-2.26020370043938
Be1S1,-1.20401284700668
Fe1Te1,-0.0576471441666655
Ga2S4Zn1,-0.897665070864775
Ga2Te4Zn1,-0.381748929047617
Cl2Mg1,-2.10239939680164
Mn2P2Sr1,-0.729602551101215
Ba3O5Si1,-3.08328243715486
Cu1F6Sr2,-3.36460123219852
Cl6K2Sn1,-1.7121848272851
Na4S4Sn1,-1.15738411459014
Nb2O6Sn1,-2.5732296985693
Na4O4Sn1,-1.80825153375253
Ca3Ga2N4,-0.842134708486003
Ba2In2O5,-2.2752060004882
Al2P4Sr3,-1.11293940175997
Ag4O4Si1,-1.16621993039056
Ge1O5Pb3,-1.56691722993264
Rb2S4Zn3,-1.09013406289483
Ge1Na2O5Ti1,-2.46396502943148
Ba1Nb2O6,-3.03274402058584
Ge1Na4O4,-1.94792935743573
K2S5Sn2,-0.941135483752132
Cu2Rb2S4Sn1,-0.806768831433848
Ag2K2Se4Sn1,-0.658993516872356
Na4O4Pb1,-1.54010813965796
In2S5Zn2,-0.762179277785198
Ni3Rb2Se4,-0.640858727777777
K2Ni3S4,-0.851815862894825
Ag2Ge1Rb2S4,-0.800553666228159
F6K2Si1,-3.37244653053185
Cu2Mn1Se4Sn1,-0.346770981330538
Cd1Se1,-0.634622305
Mn1S1,-0.639041198903229
Ge2N3Na1,-0.332225728647027
K1Na1O3Ti1,-2.64542371787903
F7K1Sc2,-4.03157025989177
Cu1K6O8Si2,-2.18528387404218
Ag2O11V4,-1.93966322240028
Na2O5Si1Ti1,-2.84621519443148
K4O4Sn1,-1.72320158948514
Ag2Ba1Hg2O4,-0.984008559827507
In2O5Sr2,-2.34260681215486
Ba3S5Ti1,-2.02789524153923
O6Pb1V2,-2.15849839620464
Ga1In1O5Zn2,-1.83391550937709
O4Rb4Sn1,-1.66249444226291
Ag4Rb2S3,-0.578520801337786
Ba2Cu1F6,-3.3180432310874
O4Rb2Zn3,-1.55401551872389
Na4Se4Sn1,-0.98813796169531
In2P4Sr3,-0.933724131759972
Na4O4Ti1,-2.33868819841199
Mn3Rb2Se4,-0.720789392375478
Al2Ca2O5,-3.27291030882153
Cr3Rb1S5,-0.984300546674087
Al2As4Ca3,-0.846750479444444
K2Se5Sn2,-0.755708260966934
As4Ca3In2,-0.849956253333333
F6K2Mn1,-2.92349460261997
Cu2Na2O11Si4,-2.41301518735493
O1Rb2,-1.04761816195959
As2Cd1Ge1,-0.09829085375
S2Sn1,-0.598676521625972
F3Sc1,-4.26983361059833
Au1K1O2,-0.976409051689377
Cu1Fe1S2,-0.415463362006679
Mg2Na1O10V3,-2.54875725430165
Au2O3,-0.281278574527252
Ag2Se1,-0.076545
Al1Na3P2,-0.657652787579137
Ag2O2Pb1,-0.708088107351502
K1Mn1P1,-0.505173117584345
Ag3Rb1S2,-0.390977035087785
Fe1O3Rb3,-1.5525199137215
Cr1F5Mn1,-2.79088712992123
Cr1O3,-1.46339058047388
O2Rb1Y1,-2.89011127168938
Fe2Ga2S5,-0.599741492785198
Ag1Ga1Te2,-0.291297181041665
Ag2Ba1S2,-0.989110876605343
Ba1F4Mg1,-3.97010821428185
Ag1K2Se4V1,-0.8596688109375
Ag1Rb2Se4V1,-0.8721355653125
Ag1Nb1Rb2S4,-1.16726316669418
Ag5Rb1Se3,-0.311534539166666
Cd1Cl4Rb2,-1.81127776035378
Mn2O7Sr3,-2.50568266963125
Ag2Cu2O3,-0.55382995728718
F1K1,-2.91070010706555
Mg1Te1,-0.88059741125
Ca1In2O4,-2.24442571907357
Sn1Te1,-0.331931855092266
Ag3Sb1,0.0179434593750001
Cr2Mn1S4,-0.854119000692361
Cr1Sb1,0.08562096
Cr2Se4Zn1,-0.590554649285714
Ga2Hg1Te4,-0.29196176547137
Be1Te1,-0.357335816666665
Cd1Sb2Sn1,-0.0727558142128002
Cr2Mg1O4,-2.68565120160003
Cr2Fe1Se4,-0.399117847142857
Al2O11Si4,-3.10364693615684
Ca1F6Sn2,-3.08798369205434
Na4O4Si1,-2.32110982854685
O3Si1Zn1,-2.47215854402725
Cr1Na1O6Si2,-2.80730492053834
Fe1Na1O6Si2,-2.61839939595384
Cl3Fe1K1,-1.43734490937147
Be1K2O2,-2.0016566823515
Cd1Cl3K1,-1.67886007087147
Fe1O3Si1,-2.4923474662101
Ba1Sb2Zn2,-0.5345789385
Nb1O3Rb1,-2.67376356502725
Cd1Cl3Rb1,-1.68526755287147
Fe1O3Y1,-2.7564127092101
Cl3Cu1Rb1,-1.28891599387147
Cl4Si1,-1.5270513494953
Cl6Cr1Na3,-1.78565066562697
Al1Cl8Nb1,-1.6295861049953
Ba1S3Zr1,-1.98264458540801
In1Na5O4,-1.63352474227733
Ba1Ge1O3,-2.52486191602725
Ba1Cu1F7Fe1,-2.75560907439177
Cr1Ga1Se3,-0.576990737
F3Na1Ni1,-2.37930654164899
Cd1F3Rb1,-2.68020514747866
K1O2Y1,-2.95823852543938
Ag1As1Sr1,-0.7984030575
Ba2Si1Te4,-1.06144133333333
Ag1O1Rb1,-0.916638826959585
Ba2F10Mg3,-3.94176097725407
Ba1Hf1N2,-1.44625581267175
Ca2Ga2O5,-2.62326660826597
Ag1Cd1Sb1,-0.00546685750000009
Ag1K1Se1,-0.677011529166667
Ag1P1Sr1,-0.845538068819979
Cr4Cu1Fe1S8,-0.758205188721919
Fe1In2S4,-0.621960861579061
Fe1Sb1,0.00924408999999926
F1Rb1,-2.85738165456555
Be1Se1,-0.798595155
Ba1F2,-4.13438626275407
Al1F4Rb1,-3.6090215360874
Sr1Te1,-1.74666663666667
Ag1Ga1Se2,-0.462502573125
Ag2Ba1Ge1Se4,-0.72366542375
Te2Ti1,-0.708329460150975
In1P1,-0.350996339479968
Ag2O1,-0.233780533626251
Be1F2,-3.47820709942074
O7Si2Y2,-3.49155577101375
Ba2Mo1Ni1O6,-2.48429386717102
Ba1F4Ni1,-3.03621818025407
Ba1F4Zn1,-3.3556858185874
F3In1,-2.77754515059833
Ag1In1Te2,-0.297641906041665
Ca1Ge1N2,-0.745583655171753
As2Mg2Sr1,-0.970855465666668
As2Mg2Zn1,-0.312581073666668
Ca1F6Sn1,-3.37291101020473
Ba1Cu3O4,-1.346317559822
Ba1O3Pb1,-1.94251478152725
Ga4O8Ti1,-2.35883051313971
Ag2S1,-0.158366169671119
Ca1Cu1F4,-2.95231043775407
Cr5Rb1Se8,-0.645773388571429
Mg1Mo1N2,-0.985682979963421
Ba3Cr1N3,-0.825522404432931
Ca1Cr1F5,-3.48230875366508
Ba1Cd1S2,-1.49142594513168
O2Sr1Zn1,-2.29736523356438
Cu6O8Pb1,-0.806930332476801
Cl6Fe1Hf1,-1.68094233921434
Cl6Fe1Zr1,-1.63701762733934
Ag1K2S4V1,-1.08747415231918
Ba4S10Zr3,-2.00035056530197
Al1Na1O6Si2,-3.00720999461242
As2Ba1Zn2,-0.6785763805
O3Pb1Sn1,-1.57899680939749
O3Pb1Sr1,-1.99010608502725
Cl3Cu1K1,-1.29075655287147
Cd1K2O2,-1.3198791443515
Ba1Ge2P2,-0.604505549083975
As2Ba1Ge2,-0.505338566
Al1O3Sc1,-3.50712719952725
As2Ba2Ge1,-0.8944032165
Na1O3V1,-2.3613082142545
O2Pb1Rb2,-1.3870827343515
Ca1O3Ti1,-3.3657053307845
Ba2Ge1P2,-0.950853309583975
K1Na1O2Zn1,-1.54974472152183
Ca1O3Zr1,-3.51553396102725
Ge1S3Sn1,-0.572848092778255
O3Sn1Sr1,-2.49205850639749
K1Mn1Na1O2,-1.67538164646421
Cd1O2Rb2,-1.2557004733515
Ca1Cu3Mn4O12,-1.66167638622268
Ag4K2Se3,-0.53127898
Na2Se1,-1.14700273723443
F6Mn1Rb2,-2.92270831539775
O3Sn1Zn1,-1.79416145289749
Se2Zr1,-1.33447572
Cd1Cl2,-1.33049831041275
Cu1In2O4,-1.291688907886
Mg1P2Si1,-0.550971051771636
Fe1S1,-0.657075677006678
Mn3N2,-0.271829626413263
O2Si1,-3.0735559472525
F6Fe1Na1Rb2,-2.87250504856383
Cr1F6K1Rb2,-3.04676766597866
As2Ca1Cu2,-0.488444298
Cd1O6V2,-2.12886989509353
Ba2Ca1Mo1O6,-2.90235771052725
Ca1F6Ti1,-3.90229454607161
As2Be2Mg1,-0.325520691833334
Si1Te2,0.0526152361111129
As1Fe1Na1,-0.327725048617217
Ca1Na1O4V1,-2.73034827352161
Cd1Na1O4V1,-2.08170295995018
Al1Ca1F5,-4.01463828295079
Cr1N3Sr3,-0.907159887290074
Ba3Nb2O9Zn1,-2.90630541619392
As2Ca1Mn2,-0.48338339551724
Ag3K1Te2,-0.0538119940277767
Ba1Mn1S2,-1.48158493170495
Cu1F11Na1Zr2,-3.40588386475292
Ag1Rb2S4V1,-1.10003985044418
Ba3Ni1O4,-2.30384157186909
F6K2Zr1,-3.61643250942074
K1O3V1,-2.36981969158417
O3Rb1V1,-2.36851398958418
S3Sc1Y1,-2.16388416740801
O2Rb2Sn1,-1.55489278272174
Ge2Na1O6Sc1,-2.48321951111242
Cd1Cu3O12Ti4,-2.30728151803756
Ga1Na1O6Si2,-2.70449336611242
Ge2In1K1O6,-1.96003401652725
F3Na1Zn1,-2.76403043714899
In1Na1O6Si2,-2.64842924111242
Ca2Nb3O10Rb1,-2.94156880492422
Hf1S3Sn1,-1.32543073827825
Hf1Pb1S3,-1.33256904940801
K2O2Pb1,-1.4381038403515
Cr2S3,-0.852631277908014
F3Fe1Rb1,-2.53288441547866
F3Pb1Rb1,-2.72234406547866
Na4O3Sn1,-1.62594195286176
Al2Se4Sr1,-1.27495487071429
Ba2Se4Si1,-1.46049310857143
Mo1Se2,-0.671560469999999
Cu3O5Sr2,-1.72025766444548
Cu1F6Mo1,-2.37787040059833
Ba1Mo1O4,-2.7889526297525
Ca1Mn1Sb2,-0.416558634698275
Cr2Cu1S4,-0.792219830864775
Cr2Hg1S4,-0.712961339431385
Cr2Hg1Se4,-0.441196570709467
Hg1K2S2,-0.946647830598596
Na1O6Sc1Si2,-3.16618579511242
F7Mn1Rb1Zr1,-3.44775870527108
Al1O3Y1,-3.55769735102725
K1Na1O6V2,-2.37913298216934
Ag1O3V1,-1.70712437758418
Cr1Mo1O7V1,-2.31729856206952
Cl6Na3Sc1,-2.18807509562697
Cd1F3K1,-2.68794103297866
Ag2Ba1Te2,-0.790499971333332
In1Na5S4,-1.19596505953117
Ca1Mo1O3,-2.58944856402725
Al1Rb6Sb3,-0.4025647245
Cl4Sn1,-1.23237071886554
Cr1Hg1O6Pb2,-1.39904303794981
Pb1S3Sn1,-0.627902653278255
Cl3Hg1Na1,-1.26965778253506
Cu1F3Na1,-2.27440392664899
Ca1Ni1O6Si2,-2.82347078967102
Mn1Ni1O6Y2,-2.74634308789221
S3Sc2,-2.09171797240801
Cu3O12Pb1Sn4,-1.38446499765054
K4O12Zr5,-3.11358248574024
Na2O13Ti6,-3.09432786337356
Fe2K2Nb4O13,-2.55450102967868
O7Ti2Y2,-3.5436483830658
Cl6Fe1K3Na1,-1.80689245132422
Cd1Cl6K1Rb3,-1.94642899261043
Al1F7Na2Ni1,-3.05769640369282
O7Si2Sr1Ti1,-3.1942103118125
Ag1Fe1O7V2,-1.90318411296679
Cl8Cu1Ga2,-1.18642101045027
Ba3Ga2S6,-1.6769468730982
F7Fe1Na2Ni1,-2.54783333960191
Ag2In2Se6Si1,-0.431931440909091
Ca1Se1,-2.04362863
Fe2In2Se5,-0.264237777222222
Mo2O7Y2,-2.83627642555921
Al2Cl8Cu1,-1.480859747723
Al1As4Ca3Na3,-0.902911774323176
As4Ga1Na3Sr3,-0.861130382504995
F7Rb3Si1,-3.28480939399252
Au2Ba1F8,-2.14089828982262
Au2F8Zn1,-1.6272625416408
Au2F8Hg1,-1.40765233163774
Hg4Se6Si1,-0.241646091805915
Ag2Ge1In2Se6,-0.375028873636363
Ba5Hf4S13,-2.02754860737153
Mn1Na6O4,-1.55955910462152
Ga1Na3P4Sr3,-0.906422048944972
Cd1K6Te4,-0.978939738030302
Cl8Ga2Ni1,-1.22015967454118
O14Rb3V5,-2.37199683039662
Na2O6Si2Zn1,-2.5851667169978
Cr2K2O7,-1.89045143587907
F7K3Si1,-3.29249293853798
Cr1F7Na2Ni1,-2.71988676232919
Cr2Na2O7,-1.83150244876119
Hg4S6Si1,-0.404027849449566
F6Mg1Pb1,-2.80272098799416
In2Rb4S5,-1.14804410091516
Al2Cl8Sr1,-2.08220964545027
Cd1K6O4,-1.25935978122864
Na6S4Zn1,-1.21504810601485
K6Mn1Se4,-1.05687575443574
Cd1Cl6Rb4,-1.93993999488316
Ba3Na1Nb1O6,-2.83873500737493
K3O14V5,-2.3660110847148
Mn2O7Y2,-2.76928183187046
Hg2Mo2O7,-1.69757683328035
Cd2Nb2O7,-2.2925366964683
Cu3F7Na1,-1.97664642997904
Cr1K1O7V2,-2.37419192417998
Na5Nb1O5,-2.16739493169564
Ni1O6Pb1Sr3,-2.23135737879184
Hf2O7Y2,-3.82243474328648
Mn1P1Rb1,-0.474255024251013
Au1O2Rb1,-0.991346419189377
Ca1Fe3O12Ti4,-2.76714851254664
Ca1O6Si2Zn1,-2.87065150352725
Mn1O3Sr1,-2.40885371196963
Hf1O3Sr1,-3.65298569752725
Nb1O6Sr2Y1,-3.30986734952725
Ag2Hg1O2,-0.335274426844756
Cl4Ti1,-1.84326071275255
Ag1Cu1F3,-1.53392599697866
Cd1F7Rb1Zr1,-3.39055851239177
Na2O2Zn1,-1.59114182769216
Fe1Ge2Na1O6,-1.93531562545384
Ba1S3Sn1,-1.28913944127826
Ge1Pb1S3,-0.609599395408014
F3Mn1Na1,-2.77843462240761
F6Fe1Na3,-2.82847927673416
Sc2Te3,-1.227550053
F3Fe1Na1,-2.44583956864899
Ca1S3Zr1,-1.91320962340801
F6K1Rb2Y1,-3.55078206347866
F6Na3Sc1,-3.51971144523416
N2Ni1Sr2,-0.608049057637402
F14Sr4Zn3,-3.48498618799217
O13Rb2Ti6,-3.10231401948292
Ca2In1Nb1O6,-2.84398939702725
O7Pb1Ti3,-2.92234031795546
Cd4S6Si1,-0.804012098098195
O7V2Zn2,-2.10143330015641
Ca2O7V2,-2.85627128379277
K2Mo2O7,-2.30602718737739
Nb2O7Sr2,-3.12260843601375
Cd4Ge1S6,-0.703380875825467
In1K1Te2,-0.708730260416665
Al1F7Na2Zn1,-3.22633824687464
Cr2O7Rb2,-1.89252397087907
K6Mn1Te4,-0.924381283375129
F7Rb3Ti1,-3.35290925888218
Al2Ge2O7,-2.52572641555921
Au2Cd1F8,-1.62474544891353
Cd4Ge1Se6,-0.516197930909091
Fe2O5Rb4,-1.62450419920202
Ag2In2S6Si1,-0.656685954007286
F7Ga1Na2Ni1,-2.72692497596555
Ba1Cu1O6Si2,-2.67494231119595
S3Sn1Zr1,-1.29151997077825
F6K1Rb2Sc1,-3.54618441047866
Se3Sr1Zr1,-1.604105423
Cr1O3Sc1,-3.1080672323791
Mn1Mo1O6Sr2,-2.69473623624844
Cr1O3Y1,-3.1754768168791
Cu3O12Sn4Sr1,-1.67094395665054
Ga1O6Y3,-3.39729799752725
Ca1Cu3O12Sn4,-1.66868831165054
Ca2Cd1Sb2,-0.808589981
In1Nb1O6Sr2,-2.82383022852725
Cl4Ge1,-1.2061986399953
Na1Nb1O3,-2.69195073669758
Cr1Ge2Na1O6,-2.12149920453834
Ca1Fe1O6Si2,-2.88776666586868
Cl3K1Mn1,-1.67478861813009
F13Na5Zr2,-3.57125770014813
Ca1F3K1,-3.71309830597866
Cd1Ge1O3,-1.69808369102725
Cl6In1Na3,-1.79827431962697
S3Sr1Zr1,-1.95527716440801
Ca1Mn1O6Si2,-2.98944350224844
O3Sr1Zr1,-3.49939103802725
Ca1Mo1O6Sr2,-2.92252310852725
F6K3Y1,-3.55743552897866
Ca1O3Pb1,-2.01465446852725
K2O13Ti6,-3.11886823710197
Hf5K4O12,-3.26125868169262
Na4O12Ti5,-2.930234374423
Cu3Ge4Na2O12,-1.60892648034806
Al1Ca1F14Mg3Na3,-3.69252154490411
Na6O4Zn1,-1.51697233487499
Cd1Cl6K4,-1.93461640442861
Ba1Na2O6Si2,-2.87515382108871
Ag2Cr2O7,-1.24842935542453
Hg1K6S4,-1.07658655145634
Hg2Nb2O7,-1.97431324555307
O7Sn2Y2,-2.85638697135034
Al2Ba1Cl8,-2.11160148908664
Al2Cd1Cl8,-1.66859078545027
Mn1Na6S4,-1.18512630635967
Mn1Na6Se4,-1.04869294671845
Ag2Mo2O7,-1.66404151555921
Mn1Na6Te4,-0.866597592930574
Fe1Na6Se4,-0.956073305464535
Fe1Na6S4,-1.09425846965121
K6Mn1S4,-1.15575158316787
K2O6Si2Zn1,-2.58652660457023
Mn2O7Sc2,-2.70268041005227
Cd4Se6Si1,-0.571957746818182
O7Y2Zr2,-3.67371959828648
Ag2Ge1In2S6,-0.556106623098196
Hf1Mo2O8,-2.62758739291182
Fe2K4O5,-1.66988807147475
Ga3N5Sr3,-0.67793794106523
Mo2O8Zr1,-2.61660997700273
Nb2O7Sn2,-2.30095127316852
Cu2O7V2,-1.8082335840995
Cr1O7Rb1V2,-2.37475031372543
Cl3Y1,-2.55328514046434
Be2O7Rb2Si2,-2.82762839624241
Cr1F6Mn1Na1,-2.87183922882571
F6Pb1Zn1,-2.32936609684833
Ag6O7Si2,-1.32436749741009
Ca3O7Si2,-3.30677217113761
Ni3O8V2,-1.88082559937787
Na2O11Si4Zr1,-3.03798592757609
Ca2O4Si1,-3.33398824300215
Cu1K1Na1O10Si4,-2.6287616315486
Mn2Mo3O8,-2.18370916318875
Co2Mo3O8,-1.87301743006934
Ba1O9Si3Sn1,-2.92087645284
Ba1Hg1S4Sn1,-1.02777383005299
Ca1Co2P2,-0.955013655583975
Cl3K1Ni1,-1.36505266970481
Co1S1,-0.425290342006678
Cu2Ge1S4Sr1,-0.944290176381678
Mn1Te1,-0.0859214060632159
Cr2Ni1Se4,-0.433652948571428
As1K2Na1,-0.406911497712912
Ag1As1Na2,-0.444496123550824
Fe1Nb1O6Sr2,-2.81612876436868
Ba2In2O6Sr1,-2.39740578957023
Fe2K2O5Rb4,-1.44645116124786
Al2Ba1O8Si2,-3.2792532936177
Al2Mn1O4,-2.95617307653241
Fe3O8Sr2Y1,-2.4752227248052
Ga2Mn1O4,-2.13426408938955
In2Mn2Se5,-0.464244428620689
Cu2Nb1O8Sr2Y1,-2.54349214967172
Ba2Fe2O13Ti4,-2.91346193373321
K2Mg2Nb4O13,-2.83004275260748
Ba1Cu2Ge1S4,-0.958337738048345
K2O3Sn1,-1.84033290449791
Ca2O7Si2Zn1,-3.00161313967927
Ba1Fe4O7,-1.90650140081735
Ba1Fe2Se3,-0.815619433333334
Al2Ca2O7Si1,-3.29060441342927
Ba2Mn1Se3,-1.54275324479885
Cl7Cu2Rb3,-1.46809603077782
Ba2Hg1S3,-1.58659210158439
Al4Ba1S7,-1.47263432484112
Be3K4O5,-2.19727759369948
O3Rb2Ti1,-2.57816896482042
Be2O7Si1Y2,-3.40921033967927
Ca1Te1,-1.66065640166666
Ba2S3Zn1,-1.80627939159001
Be1Ca2O7Si2,-3.23800314967927
Ca6Ga1N5,-0.900961585559794
Ba2O3Zn1,-2.39236698543938
Ag1Au1Ba4O6,-2.05590483398104
Ag2Hf1S3,-0.937176971590012
Ag1Nb3O8,-2.4770864553775
Ba1Mn2O8,-1.53138576513216
Ba1O7Si2Zn2,-2.68926587509594
Fe1Mo2Na1O8,-2.16056313260799
Na1Nb3O8,-2.78444936607347
Au2F8Ni1,-1.46387891800444
Ge2K2Pb1S6,-0.895087056734558
Al6Ca4O13,-3.28989803245321
Ba3Fe3Nb1O14Si2,-2.70855869032806
Cu2Fe1Se4Sn1,-0.2724150183564
Al4O7Sr1,-3.30458426259594
Cr1Nb1O6Sr2,-3.00829217745318
Ba2Fe1Nb1O6,-2.77364004436868
Ag3Cl6Y1,-1.38673715112147
Ga1In1Mn1S4,-0.707061544978076
Al1Ca2Fe1O5,-2.83461143420089
Ba1Mn2O6Sr1,-2.38681852546963
Fe1Mo1O7V1,-2.12576598848501
Ga4O7Sr1,-2.33886564259594
O3Pb1Rb2,-1.42184843710604
Al4Ca1O7,-3.30712881509594
K2O3Zr1,-2.65124609710604
K2O3Pb1,-1.45898720252271
Ge1Na2S3,-1.02658946520723
Ge2O7Sr2Zn1,-2.44045519176261
Ge1K1Na1O3,-1.99938930433132
Ag2O3Si1,-1.61746692877271
Ba2Mn1O3,-2.49951076039136
Cr1O4Sr1,-2.39372837837905
K1Nb3O8,-2.80410822558584
Ba2Fe1Ge2O7,-2.40588938454713
Ag3Na1S2,-0.471704353563061
Mn3Na2O7,-1.89649138662418
Na2O7Si2Zr1,-3.00828134732122
In1K2Na1Sb2,-0.498124994725275
Na2O7Si3,-2.76294956565455
Ba2Cd1Te3,-1.33012928625
Ag2O3Ti1,-1.70531533607042
Na2O7V2Zn1,-2.23537028445198
Cu1Fe1O6Pb2Sr2,-1.85421692419781
Ba1Be2O7Si2,-3.14388667717927
Ag2Ge1O3,-1.06832720585604
Ba1Na1O7Sc1Si2,-3.18945522141691
Ag2S3Si1,-0.521106452006679
F6Mo1,-2.69559047139809
Fe2S4Si1,-0.501299512650489
Cl4Na2Zn1,-1.7915164988114
Mn2Na14O9,-1.56332695557022
K2O9Si4,-2.89859713319392
Ba1O13Ti6,-3.26707327170707
Ba2O4Ti1,-3.20741439711447
In1O3Y1,-2.82277570652725
Cr1F5Rb2,-3.01672798726944
Co3O8V2,-1.71483545603126
Al1O4Rb1Si1,-3.02820063157357
Ca1Cr2O4,-2.75220213171908
Ba1Ge3O9Sn1,-2.17892195034
Co1Na4O3,-1.48335664662232
Co2P2Sr1,-0.934370867583974
Be1F5K3,-3.20346319618395
Fe2O5Sr2,-2.33340011124692
Co1N1,-0.00348533767175319
Rb2Te1,-1.00903482111111
Co1Se1,-0.276653285
Co1Cu1O2,-0.999288141345052
Co1F2,-1.68812709942074
Ge2K2O6Zn1,-1.96491961911568
Nb6O16Sr1,-2.89998861626348
Cd1Cu2Ge1Te4,-0.189102202291665
As1Na3,-0.50523038272207
Ba2Cu1Ge2O7,-2.21296408898652
Ba2Cd1S3,-1.75455262950668
Ca3O7Ti2,-3.33454991697698
Ba2N3Nb1,-1.08182182558842
Cl4Fe1K1,-1.46734346999608
Cu1O7Si2Sr2,-2.81417271565319
Cu1Ge2O7Sr2,-2.22286316565319
N3Sr2V1,-1.21457092308842
Ba2N3V1,-1.12452991975509
Mo1Ni1O4,-1.93302262374212
Ba2Cu1O7Si2,-2.78931480731986
O7Sn2Sr3,-2.57801038707114
Ge2K2O7Zr1,-2.44254516509594
Ge2Mn1O7Sr2,-2.49869369028026
Ca2Cr1Nb1O6,-3.03110336545318
Al1Ca2Nb1O6,-3.21886529752725
O7Si2Sr2Zn1,-3.02088238884594
Hf1S5Y2,-2.05993824563335
Na2O8Si3Zn1,-2.69074173598095
Ga1O3Y1,-2.96949886586059
Cd2Na14O9,-1.43940038379327
Cr1K2O4,-2.01772179753918
Ge1S2,-0.519417988925571
Fe2O4Si1,-2.25613360433479
Cd2Ge1O4,-1.61718668835929
Al1Be1Na3O8Si2,-2.85830525397233
Fe3Na7O8,-1.72823739517968
Ba1O5Si2,-3.18503018586172
Co1F3Na1,-2.29937498964899
Ge3Nb1O9Rb1,-2.21580774020777
In2O3,-1.84404956577725
Cl2Co1,-0.636686200412748
Co1F3K1,-2.26723609647866
Co1Te1,-0.0673961266666652
Al1Ca2Ga1O5,-2.95816260659931
Al1F6Na3,-3.39600631423416
Nb1O6Sc1Sr2,-3.34057732352725
Na2O7Ti3,-2.96917310368445
Au1Cl4K1,-1.15388333957942
Cl4Fe1Na1,-1.38580707305469
Ba2Mn1S3,-1.75943179138886
Ca1Ga4O7,-2.34466971926261
Mn1Mo1O4,-2.28228188220448
Ba1Ga4S7,-1.13820655275779
Ag1Se2Y1,-1.22327863375
Be2Ge1O7Y2,-3.11270055384594
Ba2Cd1Se3,-1.58000388875
Ge2Na2O7Zr1,-2.42977732898788
Cr1O4Pb1,-1.66799352796238
K1O8V3,-2.33031807107366
Cl4Fe1Rb1,-1.48378340249608
Ba1Cr1O4,-2.40441682462905
K2Nb5O15Y1,-2.90737953361658
Ba3Ga3Nb1O14Si2,-2.8555155403175
Ca3Mn1O6Zn1,-2.56048616658949
Mn1Mo1N2,-0.452771082370028
Au1Na1O2,-0.974462633152289
Ag2Fe1S4Sn1,-0.409478315988078
Ga2Ge4O14Pb3,-1.83788585140446
Cu2S4Sn1Sr1,-0.937663757029746
Al1Cl4Na1,-1.92172858430469
Se2Ti1,-1.11985109792875
Mg1Mo1O6Sr2,-2.87285368444392
Cl6Na3Y1,-2.26042748312697
Nb2O5,-2.83172701848482
Mn1O2,-1.75084163965646
Ba1Ca1Cd1Sb2,-0.886890993
In2Mn1Se4,-0.509391674827586
Al2Cu1O4,-2.48552127002886
Na2O4Si1Zn1,-2.38424897877729
Ag1Cl3Rb2,-1.65090179405956
Cl4Na1Sc1,-2.28244050513802
K2Sn1Te3,-0.707836403225198
Be1F4Sr1,-3.87888259150407
Ba1Cu2Ge1Se4,-0.727836416875
Na1S7Si1Y3,-1.76409026199543
S3Sr2Zn1,-1.80828264700668
Ba2Mn1Te3,-1.24826593813218
Al1Fe1S7Y3,-1.72231413359112
Al1Mn1S7Y3,-1.78234675849055
Al1Co1S7Y3,-1.71748728525779
O7Sr3Zr2,-3.36793637051261
O8Rb1V3,-2.33496084899032
Ba1Cu2S4Sn1,-0.964775008279746
Cr1Fe1O8V2,-2.21225876460606
F3Ga1,-2.87222611309833
Be8Na6O11,-2.45955594359105
Al1Ni1S7Y3,-1.71470752484112
F4Fe1Rb1,-2.6772327310874
O8V2Zn3,-2.00536175289225
P6Sn2Sr5,-0.986818763650926
Co2Na4O5Rb2,-1.4394473278209
Cu2Ga1O7Sr2Y1,-2.35719764457887
Ba4Ga2S7,-1.75799742523796
Al1Ca2F9Pb1,-3.73613211170615
K6O5Pb2,-1.41564129341491
K3O7Sc1Si2,-2.89839251585779
Be2K2Na4O5,-1.9525949098308
Ba2Ge2O8Ti1,-2.70015423198587
Ba2O8Si2Ti1,-3.25444857621664
Ba1Ga1O7Y1Zn3,-2.38781205008856
Al1Na1O8Si3,-3.05309037868321
F6Na2Ti1,-3.4202512174381
Mn2O4Ti1,-2.61589551238929
Be3F9Rb1Zn1,-3.27268180729857
Be3F9K1Zn1,-3.27699884622714
Mn2S4Si1,-0.747158642662804
Al2O4Sr1,-3.30242134371643
Ca1Fe2O4,-2.15456240254907
Ba2O4Si1,-3.20127930835929
Al1As3Ca3,-1.07778049035714
K2O17Ti8,-3.1363942822307
S4Sc2Sr1,-2.17583571550763
Ca3In1P3,-1.07919838312569
Ba1Cr2O4,-2.64896032671908
Ba1O4Y2,-3.50078172407357
Co1O6V2,-2.03623044234564
S4Sr1Y2,-2.29926637550763
K1O4Pb1V1,-2.12732573947137
O4Sn2Ti1,-2.27609516014338
Be1Cr2O4,-2.64596149100479
Ge1Mn1O4Zn1,-1.9154365197467
Co2O3Rb2,-1.36347768414395
Mn2Sn1Te4,-0.133869755038675
Al1Na3Se3,-1.14181268500785
Ga1K3S3,-1.24724856350572
Mn2Na2O3,-1.81981432446619
Al1K3Se3,-1.19961459964286
K2Mo1S4,-1.1047709619362
Ba1K1Nb1S4,-1.58953370765049
Ag1Cu1O4V1,-1.45332036542666
Ba1K1O4V1,-2.71488167589995
Ba2S4Ti1,-1.97603462569138
Pb2S4Si1,-0.786043984079062
Ba1Fe2O4,-2.08403733576336
Ba1Co1S2,-1.27127532950668
Co1Ga2S4,-0.568980636579061
Cu2Fe1Ge1Se4,-0.234023136875001
Co1Sb1,-0.17394725
Co1F4K2,-2.4649257437892
Co1Cu2Se4Sn1,-0.2032343946064
Co1Mo1P2,-0.754587298229969
Cl3Co1Rb1,-1.37114358537147
Co1Mn1O3,-1.62259096635677
Co1Rb2Se2,-0.631117901
Co1Cu2O3,-0.955514943824327
Co2F7K3,-2.50456553907648
Ba1Co1F4,-3.04065841192074
Al2Co1O4,-2.75262536363582
Ba3Co1Nb2O9,-2.8110765716563
Co3Rb2S4,-0.759646322894825
Ca1Co1O6Si2,-2.70766110272082
Fe1Rb1S2,-0.908059010756679
In2Mn2O7,-1.90341156443068
Co1K6Se4,-0.93369116
Ca3Co2O6,-2.26089432537672
Co1Na6S4,-1.01096148965121
Ba3Ga2Ge4O14,-2.3679432379262
Au1Co1Na4O5,-1.23604753179419
Co2O6Sr3,-2.18070408810399
Co1Mo1O4,-1.94461199799179
Al4Ba1Se7,-1.10366217958333
Ba2Co1S3,-1.57400373825668
Ca1Mg1O4Si1,-3.2223084528831
Fe1Mg1O4Si1,-2.67000672194228
Mn2Na2Se3,-0.754415677041357
Be1F4Rb2,-3.27520971236063
Co1Mn1O4Si1,-2.33082325609466
Fe1Na3Se3,-0.847554356793563
Ga1Mg1S4Sc1,-1.51044897110287
Fe1Mn1O4Si1,-2.41598575523445
Mg1Mn1O4Si1,-2.82638493069908
Ag7Nb1S6,-0.357313592255724
Co10Ge3O16,-1.48401617753162
Co2K4O5Rb2,-1.30992165371271
Ba1Ca2O9Si3,-3.26683914752725
F3Rb1Zn1,-2.767223771812
Cu1O3Si1,-2.10846413086465
Cl3Mn1Rb1,-1.68101409713009
S3Y2,-2.25134609540802
Ba3Nb2O9Sr1,-3.09858525352725
Ge2K6O7,-1.90765619441009
Ca2N8Si5,-1.33245821451654
Ge2Hg3K2Se8,-0.501112495326587
Ba2F18Zn7,-2.92483025497629
Ba1K4S8V2,-1.41982980280712
Mn3Nb2O9Zn1,-2.41424138963629
Hg3K2S8Sn2,-0.680067156380538
Ag1Rb3Se8Sn3,-0.695560892536907
K2O9Si3Ti1,-2.95985119377967
Ca1O3Si1,-3.29149904652725
K2O19Si8Zn2,-2.82305059586117
Al2O5Si1,-3.20355521679922
Ca1Na2O4Si1,-2.69824950846479
Be1Na2O4Si1,-2.70554469658979
K3Nb1S4,-1.38084371919418
K3Nb1Se4,-1.13222571125
Cl5Na1Sn2,-1.47099168783121
Be1Ge1Na2O4,-2.26929623721479
In1K1Se2,-0.922784469375
In2O5Ti1,-2.355481603835
Al1Na1Se2,-1.06747480646291
Ge1O5Sr1Ti1,-2.84441672164751
In1K1S2,-1.09760720419418
Rb3S4V1,-1.31788662419418
Al1K1Te2,-0.798043299479165
Cd2K1Sb3Sr2,-0.70709953125
Ca2Cd2K1Sb3,-0.6600557225
Ag6Cr1O8Si1,-1.12734547789308
Co1P1,-0.715209630729968
Co1O3Ti1,-2.48800132267165
Co1Cu2S4Sn1,-0.409954192863079
Co1Na1O2,-1.48658280363621
Co1Cr2Se4,-0.413728482857142
Co1F6K1Rb2,-2.66179498097866
Co1Na2S2,-0.899712557946001
Co1K2S2,-0.901223700605343
Ba2Co1Mo1O6,-2.42944877672082
Co1K1O2,-1.4496279709233
Co1Cr1O4,-1.56591712411833
Co1Nb1O4,-2.13189291090845
Ag1Co1O2,-0.852790475298302
Co1O1,-1.15622903390723
Co2Ni1S4,-0.626843511579061
Co1Cr2O4,-2.21257037413846
Cd1Co1Cr4S8,-0.793176350864775
Co2O4Zn1,-1.30413197034092
Co1Mo1O6Sr2,-2.48093592772082
Co1Ge1Na2O4,-1.87063907901925
Co1Ge1O3,-1.69114242641439
Co1K6S4,-1.03003189555031
Cr2K3Na1O8,-2.01585967045716
Cd1Na2S4Sn1,-0.973205299325991
Al1Sb3Sr3,-0.884962786071428
Al2Cl8Co1,-1.50445053045027
Cl3Cr1,-1.38147336671434
Al1F4K1,-3.60652647817074
Ca2Co1O7Si2,-2.93911655567392
F4K1Sc1,-3.87174820192074
F5Nb1,-3.25511595427592
Ag3K1S2,-0.491387605087786
Ca3Co1O6Sc1,-2.91286286610984
Mn1O4Rb1,-1.33415549012115
Ba2Co1O7Si2,-2.92232719484058
Ba1Ga4Se7,-0.877225042083333
Al1Mo2Na1O8,-2.48412828774014
Ga1N5Sr6,-0.679766068476461
Cl4Ga1K1,-1.72742714832942
Na2Se3Sn1,-0.834790013509083
As4K7Nb1,-0.47391519625
Ba2O7Si2Zn1,-2.98282776051261
Cl4Ga1Rb1,-1.74452538916275
K2Te3Zr1,-1.02097956333333
Rb2Te3Zr1,-1.02525734583333
Ba1Be1F4,-3.8898657123374
Ba2Ge2O7Zn1,-2.41637342217927
K2O15Si6Ti1,-3.00343047966532
Ag1Mn1O4,-0.769767688454481
Ba4Cu6O13Y2,-2.07878360106183
Co2K2Na4O5,-1.29894013359014
Al1K1O8Si3,-3.07487199131
Co1F3,-1.94710336268166
Mo3O8Zn2,-2.01574342207923
Mn1Nb2O8Zn2,-2.38281398301861
Ba5N6Ti2,-1.05667530881797
Ca5N6Si2,-1.25842201362008
Ge2N6Sr5,-0.728464727466233
Al2Ca1O8Si2,-3.25972205092539
O8Pb3V2,-1.98914476943071
Mn3O8V2,-2.31227914994114
Ni1O6V2,-2.07685912580883
F9Fe2Na1Pb1,-2.58625767292551
Ba1O6V2,-2.64473880472316
Al1Ca1F6Na1,-3.8243003765524
K2Mn2O15Si4Zn4,-2.43075932380019
Ga1Na1O8Si3,-2.81408208945244
Ca3O5Si1,-3.24930653863635
Be1F4Na2,-3.26555857617539
Ag2Cr1O4,-1.06936687825347
Na1O4Si1Y1,-3.21544294990952
Ba1O9Si3Ti1,-3.1889397186925
Be1F4K2,-3.29055132450349
Ba2Ge1S4,-1.59906769907906
Pb1S4Sc2,-1.68246556086477
O4Pb2Sn1,-1.6106593732666
In2Pb1S4,-0.710883766221918
O4Si1Sr2,-3.25814554121643
Cl4Rb2Zn1,-1.87288380392521
Co2O4Si1,-2.06493736426949
Cl4Hg1K2,-1.53102626142039
Cu1F4K2,-2.48793447950349
Ga1K1Na2O3,-1.85231228776279
Ba1Cr1F5,-3.47885846902222
O4Sn1Sr2,-2.64457628112375
In1P3Sr3,-1.0572739999114
Mo1N3Na3,-0.527567458369351
Ga1K6Na3Sb4,-0.480502700539639
Al1Ba1F5,-3.99677198866508
Ba1Cu1Na2O8V2,-2.3171028693564
Ba1Te4Y2,-1.55973767333333
Fe1K3Se3,-0.887226799285714
Cl4Co1Rb2,-1.61586340678236
Hg2Mo1O4,-1.45236267799251
Ag4Ge2Hg1S7,-0.362595851647126
N4Zr3,-1.59580048841057
F10K1Y3,-4.23514493687936
Pb1Sc2Se4,-1.36806130607143
K1O4Sr1V1,-2.7299726880428
O4Ti1Zn2,-2.31294526997161
Ba1F5Ga1,-3.46984153187936
Mo1Rb2S4,-1.12665011265049
Ga1Na3Se3,-1.02458084000785
Al1Na3Te3,-0.852944444650705
Al1K6Na3Sb4,-0.478058638396782
Ga1K3Se3,-1.08724724428571
Ba3Ga1P3,-1.0544771299114
As3Ba3In1,-0.983293103571429
Ga1K3Te3,-0.882015896785713
Al1Ca3N3,-1.11586192764722
Mo2O9Zn3,-2.00310696806491
Sc2Sr1Te4,-1.37337810119047
Ba1Sc2Te4,-1.40196852690476
Ba2S4Sn1,-1.59775358577209
Mg1Ni1O4Si1,-2.58486143594562
Ba1O9Si3Zr1,-3.2852111087792
Ge1Mg1Mn1O4,-2.33924908248479
Na6S7Sn2,-1.10433986446039
F3Ni1Rb1,-2.36739566647866
O9Rb2Si3Sn1,-2.70518752831733
Ag1Mo1Na1O4,-1.85407295205238
Ca2O9Pb1Si3,-3.00246403952725
Ba1O3Ti1,-3.28712926361784
Cl4Mo1,-1.09660284282863
O9Rb2Si3Ti1,-2.95270570877967
Na4S8Sn3,-0.943497802737804
Ge2Na6Se7,-0.898637088673992
Ge1O3Sr1,-2.57757234819392
Mn4Nb2O9,-2.48988501611708
Ag8Se6Sn1,-0.164372319456747
O8Si1Sn6,-1.83781008687582
K2O9Si3Sn1,-2.72396508865067
K6O7Ti2,-2.39748699458159
Hg3Rb2S8Sn2,-0.685389537380538
K3Na1Se8Sn3,-0.809454416093683
Ge2Hg3K2S8,-0.675555858467044
Ge1O3Pb1,-1.76063599986059
Ba2N8Si5,-1.26048911584987
Na6Se7Sn2,-0.924218386254153
K2O9Si3Zr1,-3.05924513452725
Cr2Hg1O7,-1.31965852779694
Mn1Na2O2,-1.7157995398012
Mo3O10Rb2,-2.28895930158583
Al1Ge1O5Y1,-3.00324378304922
F5K2Y1,-3.70812489351944
Cr1Te3,-0.129575133437498
Ba1Ge2O5,-2.26776444929922
K4O3Zn1,-1.39837886064203
F5Fe1Rb2,-2.78316668195694
Ca1O5Si2,-3.12011148179922
K2Mn1Se4Sn1,-0.810548528830537
Ba1O10Sc2Si3,-3.37591469679922
O10Si3Sr1Y2,-3.41962343398672
O5Si2Sr1,-3.04478851336172
Ba1O5Ti2,-3.30155531649579
Ge1O5Y2,-3.17339146492422
As3In2K3,-0.450723646875
Ga1K1Te2,-0.701458012291665
Ca5Fe1O18Si6,-3.16161932180773
Ba2Cd2K1Sb3,-0.7174462490625
Mn1O7Si2Sr2,-3.08914287444693
As4Nb1Rb7,-0.420817961666667
Ca2N3V1,-1.28833768558842
Ba1Cl4Zn1,-2.10089921916275
Co1Na6Se4,-0.938049291373626
K2Mn1O7V2,-2.3769230865777
Ba1Fe1K1O3,-2.12867415267508
Ca2Fe1Nb1O6,-2.82985614636868
Be1Cr1S7Y3,-1.74514141067446
Ge1Na2Se3,-0.805154583200549
Cu1Fe2S3,-0.429884190756679
Ba5Nb4O15,-3.09960503117422
N3Nb1Sr2,-1.15045932433842
Fe1Mo1O4,-2.08805718198821
Co2Mn3O8,-1.66592783096439
Na2O7Si2Zn2,-2.44879846098881
Nb2O8Zn3,-2.27398038900231
As4Na8Ti1,-0.608892210430727
As6Ca5Sn2,-0.894948751054031
Na8Sb4Sn1,-0.473473948743414
Mn5O16Pb3V2,-1.98001474444956
Ba1N7Si4Y1,-1.3593562059542
N7Si4Sr1Y1,-1.36721783980035
Ga1In1O7Zn4,-1.77551657470394
Cd4K6Se13Sn3,-0.803164868098216
Co2K6O5,-1.16858912140501
K8Sb4Sn1,-0.461740606680862
Al2O8Si2Sr1,-3.27398803631
Nb2O6Pb1,-2.55638365169695
F6Ge1Na2,-2.96505975386925
Ba6Hf5S16,-2.02040451552643
Fe2Ge1S4,-0.44354265157906
F6Na2Si1,-3.3508727683137
Be1O4Y2,-3.53803559300215
In2O4Sr1,-2.20950556907357
Pb2Se4Si1,-0.531193850357143
Mn2O4Si1,-2.56027008149125
Ba1S1,-2.22464121200668
Al2Be1O4,-3.19705898193072
Al1Ba3Sb3,-0.916932665714285
Al1Na1O4Si1,-2.99752841990952
Ba1O9Ti4,-3.27412555593242
Ni2O4Si1,-2.05960316627005
Al1Ca3Sb3,-0.849233150714286
Fe1K1Na2O3,-1.69021028753626
Ge1Pb2S4,-0.637254418721918
Mn2Na2S3,-0.960260789118509
Fe1Na1O4Ti1,-2.44320252843817
Ba2S4Si1,-1.77719356479335
Ca1Ga2O4,-2.44019384907357
Ba2F18Ni7,-2.42381610016148
Cr1O4Rb2,-2.01206278361061
Ge1Na1O4Y1,-2.72523188240952
Ba1O9Si4,-3.11108718806491
Ba1S4Y2,-2.31015069550763
Cl4K2Zn1,-1.85103393678236
Mn2Se4Si1,-0.406467207512315
Na1O4Ti1Y1,-3.19761692295042
K3Mo2Na1O8,-2.32444557377726
Ag4Cd1Ge2S7,-0.439587723792393
Ca1S4Y2,-2.27346686229335
F10Pb3Zr1,-3.13419245259365
Ag3Fe1O8V2,-1.55771387846525
F10In3Rb1,-2.84253043045079
Ag1Mn1O4V1,-1.88473480050164
Mn1Na1O4V1,-2.32784684562331
Ga1Na3S3,-1.210542067085
In1Na3S3,-1.16306888422786
Al1K3Te3,-0.944950087142856
Na2O3Zn2,-1.62499336204851
Ag1Cd1O4V1,-1.63780578589995
Fe1Na3O3,-1.70996122158649
Ag2Mn1O8Sr1V2,-2.08310380677222
Ba1Se4Y2,-1.99126064357143
Ag2Ba1Cu1O8V2,-1.87225702244902
As2Co2Sr1,-0.623374676
As1Co1,-0.307414762500001
As2Ca1Co2,-0.623370422
Co1Cu2Ge1S4,-0.390094111381678
Co1Fe2Se4,-0.254703387142858
Co2Ni1Se4,-0.289430081428571
As2Ba1Co2,-0.615176334
Cu2P2Sr1,-0.644871421583974
Co1F4Rb2,-2.42616343664635
Co1F6Zr1,-3.21941566309833
Ba2Co1F6,-3.30957361497629
Co1F6Na1Rb2,-2.69767121156383
Co1Rb2S2,-0.867691198605343
Co1K2Se2,-0.659031434
Cl4Cu1Rb2,-1.54244085821093
Co2Cu1S4,-0.575825254436204
Co2Ge1O4,-1.45810374534092
Co1Fe2O4,-1.64232655961131
Co1Na3O3,-1.56675504173242
Co1Cr2S4,-0.699011083721919
Co2Na7O6Rb1,-1.31966627281909
Co1F11Na1Zr2,-3.48061420741959
Co1In2S4,-0.56372672515049
Co1O3Y1,-2.50325609441439
Co1O5Ti2,-2.77945239611275
F4Fe1Na1,-2.65492452622935
K1Mn1O4,-1.32395182678781
Cr1F4Na1,-2.98290991497935
Fe1N2Sr2,-0.653848011337402
Fe2Ge1Se4,-0.119063016071429
Fe1Na3S3,-1.03329488387072
Mg2O4Ti1,-3.11687833223352
Co1Mg1O4Si1,-2.58823365530248
Ga1K1S4Sn1,-0.943802224700662
Ga1Ge1K1S4,-0.933052893721918
F5Hf1Rb1,-3.85603437116508
Al1As1,-0.4878186225
O3Si1Sr1,-3.27669123919392
K4Se8Sn3,-0.820518438703573
F4Hf1,-4.09584638230488
Al6F21Na1Rb2,-3.69451136708683
Ba3Cr2Mo1O9,-2.72955719209515
Ag8Ge1Se6,-0.161005441333333
Ba1Mn1O3,-2.37998188063629
Nb2O9Zn4,-2.17275208152725
K2Mo3O10,-2.28391601191917
Mn2Nb2O9Zn2,-2.33559868248884
Na6Se7Si2,-0.977466081673992
O7Rb6Si2,-2.30026266641009
N8Si5Sr2,-1.29988615284987
Ag1K3Se8Sn3,-0.694044218536907
K2O21V8,-2.30749515050744
Cl6Na1Nb1,-1.6645788608833
Ge1Na1Nb1O5,-2.42320192096818
Na1O6Rb7Zn2,-1.36043634507026
Ba1Ge2S5,-1.01452459657085
K2O7Zn6,-1.60103232707675
Cr11K3S18,-0.978010484601263
O5Ti1Y2,-3.6625683172725
K3S4V1,-1.31523738513168
In3Rb1S5,-0.895797382970383
Co4Nb2O9,-1.90738428171011
K3O4V1,-2.23291342391245
Ba1Fe1O10Si4,-2.94549442701261
Ga1Rb1S2,-1.19484435763168
Co1F3Rb1,-2.400484392812
Cu1O5Ti1Zr1,-2.77295334842088
Ba1O10Si3Y2,-3.42048523742422
Cl5K1Pb2,-1.60175888507445
In1Rb1S2,-1.10368176919418
In1Rb1Se2,-0.9329071690625
Mo1O3,-2.16297638628407
Nb1O5Rb1Ti1,-2.9074999735225
Fe5Na3O9,-1.73259869544323
Na2Ni1O10Si4,-2.70216293423109
Na2Nb4O11,-2.75002024390409
O5Si1Y2,-3.59626015679922
Cu1Mg2O8V2,-2.33276128327843
Co1Na2O10Si4,-2.71014049131921
Al2K2O10Si3,-3.02660400081103
K4O9Si3Sr1,-2.76615503928875
Ba1K4O9Si3,-2.74148494517111
Na8O18Si6Sn1,-2.64112203089339
Ga4O9Sr3,-2.5669511476818
Nb1Rb3S4,-1.38852955075668
Ga1K1S2,-1.19683530606918
F12Fe2Pb3,-2.54212421232784
Fe2O7Rb8,-1.4837043672341
Na8O18Si7,-2.6937269038676
Ga10Ge1O20Pb3,-1.98159655978162
Mn3O10Sr4,-2.49448841473077
Ba1Ge3K4O9,-2.14052889517111
Fe1Mn1O5Y1,-2.45473761031499
O5Sr1Ti2,-3.17421852712079
Cd3Rb2Te4,-0.695718514814813
Hg3Na2S4,-0.620446201683948
Cu1Mo1O4,-1.77797360864478
Ga2N4Sr3,-0.698918053486002
Hf2K2O5,-3.1416598729882
Mo3Na2O12Zr1,-2.47429018345824
K2Na3P3Si1,-0.550238680214973
Ge1P3Rb5,-0.397225133542201
As3Ge1K1Na4,-0.467159845100732
Ge2K2Se5,-0.704617174444444
Cr1F6Na1Sr1,-3.38082836923759
Na2S5Si2,-1.10489658075223
K3Na2P3Sn1,-0.523554152548257
Ba1N10Si7,-1.25941677574639
K1Na4Sb3Sn1,-0.449099793639755
Na4Se4Si1,-1.01509885010073
Ga3Rb1S5,-1.0255167852852
Cd3K2Se4,-0.853524808611111
Cu3Fe4O24V6,-1.92786312652745
K2Mo4O13,-2.2474497603381
Ca2O12Si4Zr1,-3.27807846818658
O12Rb2Sr1V4,-2.51866892877282
Na2O12Sr1V4,-2.50637391359931
Fe5K17O16,-1.59345913581924
F15In1Zr3,-3.71787118905087
Ba6F26Zn7,-3.29361095326689
O3Y2,-3.80819436052725
Ca3N2,-0.889328049137402
F4Zr1,-3.96096159155489
Al2S3,-1.22981271090801
O2Rb2Zn1,-1.4405025251015
F7In2K1,-2.87338347414177
Ba8Co1Nb6O24,-2.99365782084682
Al5Na1O12Ti2,-3.18836633219846
Al1F6K2Na1,-3.43402681081383
Mg1Na2O12Si5,-2.90258385082075
As4Ga3K3,-0.4724634235
In1K2Na3O4,-1.588917086357
Cu2K1Mg2O12V3,-2.20933364265531
Cu1F7K1Zr1,-3.15526073714177
Be2Fe1O10Si2Y2,-3.1645468366001
Cu1Na2O10Si4,-2.61761007512811
Ba7Ca2Mn3O20V2,-2.74403709778765
Al10Mn1O20Pb3,-2.82100282764079
Mn1Nb2O6,-2.7388299283316
Fe1Nb2O6,-2.60286004374297
O5Si1Sr3,-3.18498840076597
K2O5Zr2,-2.99506867826597
Ba1S3Sn2,-1.1872374656793
Al1Ba2In1O5,-2.72118418854375
Ca1Nb2O6,-3.05967564697472
Ba1Cu1O5Y2,-2.93802632484231
Na1O4Pb1Rb3,-1.44893741548519
Nb2O6Zn1,-2.58174434003028
F6K1Na1Sn1,-2.9980606416655
Ge2Na2Se5,-0.637764894355922
As3Na5Sn1,-0.49898923401216
Al3F12Na1Rb2,-3.61061910002361
K5Sb3Sn1,-0.441696034372356
Al1Cu1F6K1,-2.96307216330963
Cu2O5Y2,-2.49525965114086
O6Sr1V2,-2.62661710314908
Fe3Na1O5,-1.69899839255424
Cu1Nb2O6,-2.38913823466217
Cd3Rb2S4,-0.97887167483927
Cd3K2Te4,-0.687014320925924
Ba3Ga2N4,-0.583490969041558
Ga2Ge3O10Rb2,-2.07104300963456
K1Mn1Na1O10Si4,-2.83736639187359
Ba1F7Ga1Mn1,-3.22769546677108
Ba3O13V4,-2.76708086587811
Ba3F12In2,-3.53541734821019
Al2Na2O10Si3,-2.97905261679358
Fe1Mg2O11V3,-2.43153125042751
Cr1Mg2O11V3,-2.54460329577134
Be4Na10O17Si4,-2.61732609452729
Fe1O11V3Zn2,-2.0842460346432
O22Si4Sr4Ti5,-3.26633756880754
O21Si6Sr7Zr1,-3.28769290895582
Ca4K2O21Si8,-3.12330723981297
Co1Nb2O6,-2.52663345302314
Cl5Nb1,-1.52423547190482
Mo1O4Zn1,-2.05806376141917
Ba3S5Si1,-1.88782478167409
Cd3Na2O10Si3,-2.3490657558606
Na2O5Si2,-2.77595388901078
Ca3Na2O10Si3,-3.09032615697171
Ga2S5Sn2,-0.766984924863243
As3K3Na2Sn1,-0.511814816506055
Al3F12K2Na1,-3.60703766002361
K4O4Si1,-2.20467349039056
K4Se4Sn1,-1.05120408409458
O5Rb2Si2,-2.73188948604375
Na1O4Rb3Ti1,-2.23535628701699
Cd3K2S4,-0.976944491228158
Cd3Rb2Se4,-0.860251961388889
K1Na1O5Si2,-2.76773063502727
Cu2O5Sc2,-2.48543093336309
N10Si7Sr1,-1.23811271713528
Al1O4V1,-2.71292713063327
Ge1K4O4,-1.841890252335
Co2O5Sr2,-2.08534987480724
As3Na5Si1,-0.48872152019536
As3Rb5Si1,-0.402482511944444
Na2Se5Si2,-0.763811231855921
As3K5Sn1,-0.4571720113168
F6Pb2Zn1,-2.6038220935874
Ge2Rb2S5,-0.94222809500742
Ge1Na5P3,-0.511366276793117
Ge2Rb2Se5,-0.707947774444445
Nb2Ni1O6,-2.51484691574558
In1K1Mg1Mo3O12,-2.3502369385951
Ba1Fe4O11Sn2,-1.9057458092792
Fe4Mn3O24V6,-2.16517501197541
Nb2O23Rb4Si8,-2.92534204824896
Fe4Mg3O24V6,-2.29527914037716
K2O12Sr1V4,-2.52379210745703
K2Mn1O12V4,-2.37375581757344
O23Rb6Si10,-2.85431484397978
Mo6O24Rb8Zr1,-2.42403068002795
In2S3,-0.730348960908014
Al1F3,-3.82611173184833
N2Zn3,0.0328514391125978
Cl7Ga2K1,-1.58672706643339
Be2K2O11Si3Zn2,-2.66076872873332
Na2O2Pb1,-1.51915910794216
F7K2Nb1,-3.32236464639177
Al2Ba2Ca1F14Mg1,-4.01729469185011
In1Na3O4Rb2,-1.566430216857
Fe1Ga1O3,-1.8772783302101
As2Zn3,-0.14534319
Hg1Na2S2,-0.914878397439256
Ba2Cr1Nb1O6,-2.96388466945318
Ge1N2Sr2,-0.748837299637403
Ca1Fe1O6Ti2,-2.93227455062593
Fe2O3,-1.64976314239295
Ga5Na1O12Ti2,-2.45345530319846
Mg3Sb2,-0.378584169750002
Na1O6Si2Y1,-3.17253795336242
Fe1O4V1,-2.07189696342453
Al3Na7O8,-2.40176597988842
Ca2Fe2O5,-2.38607727624692
Hg1O6V2,-1.88665198675645
Ba1O5Y2Zn1,-3.08293974854375
Na4Sn1Te4,-0.761539045399013
Ba2Ga2S5,-1.55053039334075
Na5P3Si1,-0.565875553459784
As3Hf1Na5,-0.651357766028693
Cr1Cu1F6K1,-2.5976147985874
Al2N4Sr3,-1.09968852431934
F7Sn1Y1,-3.52740789397433
Al1Cd1F6Na1,-3.22429318090425
Hg3Rb2Te4,-0.478391418692458
Ag4Ge1O4,-0.776134317335002
Ba1Co1O5Y2,-2.95310175264772
Cl5Pb1Rb3,-1.89832389617729
Mo1O6Y2,-3.18601288308584
Al2Ca3N4,-1.23607359209711
Nb2O6Sr1,-3.05593442169695
Na1O5Rb1Si2,-2.76341857058282
F6K1Na1Si1,-3.35813583979314
Ba3Ge1Mg1N4,-0.652793834782299
F6Fe1Na1Sr1,-3.18022348368203
Ca4Ge1N4,-0.921290125986002
In3Na7Se8,-0.969518497831196
As3Ge1Na5,-0.466744277417582
Na5P3Sn1,-0.527490145609917
Ba2Cl6Co1,-2.09305279374608
Al2Ba3N4,-0.965714122930448
Ge2K2S5,-0.929529933896309
Ge1O4Rb4,-1.77627561455722
K1Mo1O6V1,-2.28364862200635
Cd2Na4O10Si3,-2.42036603695759
In10Pb6S21,-0.709103743899473
K4Nb2O23Si8,-2.91816278716787
Al5Na17O16,-2.21341121127732
Al2O10Rb2Si3,-3.0346816419875
F10Na4Sn3,-2.77723688501596
Ba4Mn3O10,-2.45058764737783
Ag2Nb4O11,-2.35197504350978
Fe1K1Na1O10Si4,-2.77466080223844
Ca1Na2O12V4,-2.50259613517825
Ag2Ca1O12V4,-2.1662252300886
Ag2O12Sr1V4,-2.17172156850966
Ba1Fe6O11Zn1,-1.82757391474483
Ba3Nb6O26Si4,-3.05813701571404
Ba6F26Mg7,-3.95812317491219
As2Cd3,-0.10384873325
O3Sc2,-3.80738972252725
P2Zn3,-0.287853706333975
Mn1O3Si1,-2.70381826671963
Be3N2,-1.1573357048874
F4Mn1,-2.49589536481351
Mg1Mo2O7,-2.4218822807818
As2Mg3,-0.635750751500002
Ba1F7Fe1Zn1,-3.00738843814177
F7In1Sr2,-3.65327706564177
Ba1Ca1F7Ga1,-3.70583279539177
Ba1F7Fe1Mn1,-3.02855539102108
In1K3Na2O4,-1.55539007802183
Mg4Na1O12V3,-2.66395835169586
Be1Na2O2,-2.11775249069216
Ba1Ca1Cr1F7,-3.70814762464177
Ba1F7Na1Zr1,-3.89419856547694
Al1Mo1O7V1,-2.52725987989359
Cu1F3K1,-2.32613533422866
Al1Ca2F7,-4.07053343689177
Cu1F7Hf1K1,-3.21379676339177
F3K1Sn1,-2.7695540445989
Cl6In1K3,-1.87852375837147
O3Pb1Zr1,-2.68886324902725
Ba1Cd1F7Ga1,-3.17754229214177
Al1Fe1O3,-2.4510671262101
Cr1F7Pb2,-2.76372488364177
Ca1Cu3O12Ti4,-2.55532160028755
Hf1O7V2,-2.80476460092205
Mg1O3Si1,-3.07422284636059
Fe1O3Zr1,-2.6954202579601
F7K1Sn1Zr1,-3.40550581332689
Cd3P2,-0.158200722333975
Ag1Nb1O3,-2.01945249552725
Al2Te3,-0.450580882249999
Be3P2,-0.332599657333974
Mo1Na4O5,-2.10960312478004
Cd3N2,0.464896844112598
Al1Ba1Ca1F7,-4.07700785789177
O7V2Zr1,-2.73333299792205
