composition,dHf
As1Y1,-1.6167694692280428
Ga1P1,-0.16927551900856574
Ga2Mg1S4,-1.2574019094384252
Cd4K1O12V3,-2.094022947103773
Al1Ca1Fe1Na1O12Si4,
Hf1O3Pb1,-2.5374566624984718
Al2Ba2Co1F14Mn1,
Ba2Cd1F14Fe2Mn1,
Be2O4Si1,-3.4330935561783118
Ba2Ca1Cu1F14Ga2,-3.1554564038208381
Ge1O4Zn2,-1.9841937062228321
Ca1Cr1F7Sr1,-3.3328062483021186
As3Ga1Na6,-0.51593493203154761
Ga1Na6P3,-0.56382802310396407
Al2Ba2Cu1F14Mn1,
O4Si1Zn2,-2.3806179698535903
Al2Ca1O4,-3.384924075933998
K3Nb3O13Si2,
Ga1Sb1,-0.2141903491047894
Ba1O4Sc2,-3.6845416266769249
Ge3Na4O12Zr2,-2.5392704278902292
Ba3In2O11Zn5,-2.3291072786799747
Ba1Mn1Sb2,-0.73193320992099853
Ge4O9Sr1,-2.268353280437065
Ba1Co1O4Si1,
Ge2K3Nb3O13,
Ba1Mg1O4Si1,-3.1925311242826568
Na2O13Si4Ti2,
Ba2Cu5F14,-2.1802939791924079
Ba1O4Si1Zn1,-2.8797541932358577
Cu2Hg1Sn1Te4,0.024572980150588286
Ag1Au1Te2,
As1Ga1,-0.31607094573043337
Fe1O2Rb1,-1.7750837967201463
Fe1O1,-1.5331081898772432
Ni1O2Sr1,-2.089995468703338
Be2F5Rb1,-3.4588536487246535
Cl2Mn1,-1.309654875448786
Hf1Se2,-1.7058964151369729
Cd1F2,-2.1620170344969911
In4O7Rb2,-1.8870260837169939
Cr1K3Mn1O8,
Ca1F2,-4.0429273019665608
Ag1As1Mg1,-0.42869845222572245
K2S1,-1.4184662947975073
Ca3O8V2,-3.0308975462426329
Be2F8K2Pb1,-2.689705576064541
Ba3Nb2O8,-3.2541827675331492
Ba3O8V2,-3.0698023743123724
Cu3O8V2,
Cd2Mn3O8,-1.6344003648346703
O8Sr3V2,-2.9925690219866237
Ga4Ge1O8,-2.2379145807670136
Ba1Ni2O8V2,
K4O7V2,-2.3646450993342425
Ge2K2O7Pb2,-1.8366236602392174
Fe2K6O5,-1.6032672269855146
Be2F8K2Sr1,-3.3907009025565396
Hf1S2,-2.0394439836686979
Ge1Te1,0.058605669157372642
Na2Te1,-1.0727642581156409
Cl3Fe1,-1.0152541965199884
K3N1,0.34516435327910244
Cl3Sc1,-2.4612143996750415
K2O1,-1.4642341557735108
Cl2Fe1,-0.97930991956971569
Na2S1,-1.2781631873374115
K2Se1,-1.3252138034283629
Se2Sn1,-0.20724231076799171
K2Te1,-1.2640189030953761
S2Zr1,-2.0321546362202403
Cl2Sr1,-2.8941999147596578
Fe2Mg1O4,-2.132245402519148
Al2Mg2Se5,-1.3191252314987372
Cl6Rb2Ti1,-2.0192726923489634
Ag1Ca1P1,-0.7700070926344007
Ba1Na1P1,-0.92849902115438931
Ba2F6Ni1,-3.0994263749366344
Hf1Te2,-1.1036327549105351
Na2O1,-1.5303873920052178
Na1P1Sr1,-0.98443662143642907
Cr1F3,-2.786190641646825
Fe1K1O2,-1.8465370841844591
Cl6Rb2Sn1,-1.7353002445552492
Cl2Cu1,-0.47359334467271985
Cl6K2Mn1,-1.6687424212936719
S2Ti1,-1.4203959319916164
F2Sr1,-3.9612513654748085
Ba1Ni1O5Y2,-2.9652888705215794
Cl6Pb1Rb2,-1.4350618376793405
Cl6Mn1Rb2,-1.6407532435855181
Ag1As1Ca1,-0.60394915141727301
Cl6K2Ti1,-2.0333663921994574
Ba2F6Zn1,-3.4708618647536653
As1Na1Sr1,-0.98175571534808714
Ba1Cu1Fe1O5Y1,
Ge1Mg2O4,-2.7108349330070842
Mg1Sc2Se4,-1.6721539881952538
F3Mg1Na1,-3.4087377278533184
Ba1Cl2,-3.0414506157438499
Mg6Mn1O8,-2.8707350538465568
Ba3Mg1Nb2O9,-3.2731745532393992
Al1F7Mg1Na2,-3.4430819278018152
Mg1O5Ti2,-3.0771148472424619
In2Mg1O4,-2.2026829090796145
F2Hg1,-1.6046472539737024
Mg1N2Si1,-1.2545627111362556
Ge1Mg1N2,-0.50570978636385799
Al2Mg1O4,-3.2951441783771056
F2Pb1,-1.9522689834630684
Ga2Mg1O4,-2.4968364415700672
Mg2O4Sn1,-2.5724081007289703
Rb2Se1,-1.3625292974890391
Mg1S4Sc2,-2.0198938340631702
Cl4Mg1Na2,-2.1786909212985957
Mg1Se4Y2,-1.8832805109408861
Ba1Ca2Mg1O8Si2,-3.2625741562040602
K6Mg1O4,-1.714248155008919
Rb2S1,-1.2725673777321724
Mg1O6V2,-2.5641639848152185
In2Mg1S4,-1.0889684482399424
Al2Mg1S4,-1.6769640695335619
Ag1Sc1Se2,-1.0501160021925608
Cu1O6V2,
Mn1O6V2,
Ca2Mg1O7Si2,-3.2735963003597983
Mg1O7Si2Sr2,-3.1986212005506354
Cl3K1Mg1,-2.3174155597822734
Ca1Mg1O6Si2,-3.2163532728284245
Ba2Ge2Mg1O7,-2.7536109735870178
Ge1Mg1O3,-2.5290639186573722
Ba2Mg1O7Si2,-3.2254620863340242
Ge2Mg1O7Sr2,-2.726432573583446
Mg3O8V2,-2.8381705288809833
F6Ge1K2,-2.9829290041017087
Al2Cl8Mg1,-1.9847533062980784
Cl2Ni1,-0.85791344289484028
Mg2O4Si1,-3.1666862995431955
Ge1Mg2S4,-1.3118684738231714
N2Na1Nb1,-0.95661231396879476
Mg1Mo1O4,-2.4106274478417111
Cr1Ga1P2,-0.45322314630223293
Mg1Se1,-1.5171898389156744
O1Sn1,-1.8505326529535022
Au2F8Mg1,
Na1S2Y1,-1.9982808565384804
F6Rb2Si1,-3.2204416013016606
Cr1Na1Se2,-0.83053958075209611
F6Ge1Rb2,-2.9142875428234909
Te2Zr1,-1.1725511258880008
Ge1Mg1N4Sr3,-0.85132067378049037
Mg2Mo3O8,
Fe1Na1O2,-1.8328912533152213
F3Mg1Rb1,-3.322953087014751
N1Na3,0.079912626125442809
Mg1Na2O4Si1,-2.755725049040362
Cd1S2Zn1,-0.80592161607767654
Mg4Nb2O9,-3.0251878789562099
Fe1Na1S2,-0.94519592114659146
Hg1Se1,-0.26066887976496922
Cu1O1,-1.0453167954094744
In1Na1S2,-1.1659224755433031
Mg3N2,-0.97833732908929294
Mg3P2,-1.0383876227701987
Mg2O7V2,-2.7308915743686848
Ag1Fe1O2,-1.1400172662289307
Cd1O2Sr1,-2.2519855128441519
In1Na1O2,-1.9878065536450928
Cu1F6Sn1,
Cu1Mn1O2,
Ca1Hg1O2,-1.8193603624935553
P1Sc1,-1.5893995329662962
Mg1Nb2O6,-2.9094840524894767
Ag1Cl1,-0.29714197509003437
Cr1Na1O2,-2.0887203274405275
Cr1K1S2,-1.2314482265621463
Hg1S1,-0.30905698029950379
In1N1,-0.05927959710873143
Al4Mg2O18Si5,-3.3034768411813813
Ba1Hg1O2,-1.8488175097314379
Hf1N2Sr1,-1.6253840528078562
O1Zn1,-1.6208056604308245
O1Pb1,-1.1332147847896188
Ca1Cu1O2,-2.092885131750605
Fe1Se1,-0.45981801761062169
Ca1Se2Zn1,-1.4226845049515489
F1Hg1,
Ag1Cr1Se2,-0.46196757722721893
Ga1N1,-0.41184962921862489
Ag1Cr1O2,-1.3921548444851561
Cr1Na1S2,-1.0800321543916471
Cd1S1,-0.73994768743367123
Al1N1,-1.7904792304628137
Be1O1,-3.4795821944922309
Ca3Mg1O8Si2,-3.3032096565306146
Ba1Ca1O2,-3.1502005521461669
Cl3Mg1Rb1,-2.2717383528882951
Cd1Hg1O2,-0.91978667037000861
Fe1O2Sr1,-2.3201577974567629
F6K2Ti1,-3.2871712134059701
Cl1Hg1,
Ca1O2Sr1,-3.1442636436636633
Ba1O2Sr1,-3.0749935647942812
Ca2Mn3O8,-2.4507798399848948
K1Na2Sb1,-0.45148374093376953
F3Hg1Rb1,-2.0253906810660212
Ni1Te1,-0.15029527429380174
S1Sr1,-2.3060256080287234
Mn1Se1,-0.74008719810599111
Se1Sr1,-2.227684978673095
Cu1Te1,0.1943954807789563
Cd1F6Ti1,-2.733349408330719
F3K1Mg1,-3.4169892816140259
Ca1S1,-2.2881921506592247
Mg1S1,-1.8156828782258572
F3Hg1K1,-1.9741708571575869
Ag1F3Zn1,-1.6628235810913028
Hg1O2Sr1,-1.8067759141333992
Ba2N2Zn1,-0.57060822352973251
F3K1Mn1,-2.7679567380988588
F3K1Ni1,-2.3744752128302018
Ba1Mg2Sb2,-0.89365955425700561
Ca1Mg2Sb2,-0.90267945474928624
F3Mn1Rb1,-2.7199474091581259
Ba1Mo1O3,
F3Fe1K1,-2.510665106873768
Ca1Sb2Zn2,-0.67332815337334617
As2Ca1Mg2,-0.95913729848002438
Ba1P2Zn2,-0.82593625713390084
F6Ni1Pb1,
Mg2Sb2Sr1,-0.92079811453880467
Ba1Fe2P2,-0.73791166825584309
Cd2Sb2Sr1,-0.76364580353511347
O3Pb1Ti1,
Mg2N2Sr1,-0.96673803554213489
Ag1Cr1S2,-0.65916395732146604
Sb2Sr1Zn2,-0.76895623994068174
K1O2Sc1,-3.074274450684304
As2Ca1Cd2,-0.60120045830816204
Cd2P2Sr1,-0.77694297337767493
As2Ca1Zn2,-0.66835190818244472
Ba1Cd2P2,-0.74903412651512324
F4Si1,-3.4030001535942476
Ba1Cd2Sb2,-0.77490200014907717
Ca1Cd2Sb2,-0.61829562351187617
Be2Mg1N2,-1.8159925890971387
As2Ba1Cd2,-0.70060918115404247
P2Sr1Zn2,-0.85318941620855915
Ca1Cd2P2,-0.75128045333318649
Ba1O3Sn1,-2.5237397699304158
Ba1Mg2P2,-1.1345666688463476
Ca1P2Zn2,-0.8520882637364231
As2Ba1Mg2,-0.96290263431646395
F4Ge1,-2.7379666296913383
Ba1O3Zr1,-3.6884869891654937
In2Se3,-0.66070400007524022
Ca1F3Rb1,-3.5665548348445544
S1Zn1,-0.92640366332224655
Fe2P2Sr1,-0.75370821795391052
As2Sn2Sr1,-0.56982049220600217
As2Cu2Sr1,-0.42705369754609945
Hg1K2O2,-1.0645659170531387
As2Ni2Sr1,-0.56161786824792115
F3K1Zn1,-2.6030664570538833
Ni2Sb2Sr1,-0.76584855862682977
As2Fe2Sr1,-0.52411890587317966
Ba1Se1,-2.2657654475923246
Mn1O3Ti1,
Ba2Cu1Hg1O4,-1.9988792971403666
K2O5Ti2,-2.7588794211577969
Mo1Ni1P2,
Ga2Se3,-0.79301080217485342
K2Mn1Te2,-1.0606444122033265
K2Mn1Se2,-1.2153836173068857
K2Mn1S2,-1.3905382626030267
Cr1K1O2,-2.1173554413737001
Fe1Mo1O6Sr2,
Ba2In1Nb1O6,-3.0288097845151825
O3Sr1Ti1,-3.2272841329023931
Ca1Mg2N2,-1.0604354247266858
Cl4Pb1,-0.92664477495465425
Be2Ca1N2,-1.7390069610330059
F6Rb2Zr1,-3.5860281762717818
Cl3Ni1Rb1,-1.4438652013395243
Ni1O3Ti1,
Cu1Ge1O3,
Cl3Ge1Rb1,-1.6264350660074305
F4Sn1,-2.4594425282006322
Al2Se3,-1.1136895089377625
Hg1O3Ti1,-1.9394487393302873
Ga2O3,-2.0948072559793309
F6K2Na1Y1,-3.4459945844074937
Ga1In1O3,-1.9578030248984279
F6Fe1K1Rb2,-2.5676798353088506
Cl4Zr1,-2.2746279442177002
Ga1In1S3,-0.9188722988490734
Mn1Rb2Te2,-1.1430652238184469
O3Ti1Zn1,-2.4891620383731121
Ge1Mn1O3,-2.0009079102117919
Al2O3,-3.3882616050331471
Ga2S3,-0.96291324459264027
Cl3Mn1Na1,-1.5326991832227792
Na2Ni1O2,-1.560360798987253
Ba1S3Ti1,-1.9176076567167968
Ca1O3Sn1,-2.5521332701282939
K2P2Si1,-0.66376827883607392
Mg1O1,-2.9255440775559993
Fe1In1O3,-1.798939101388596
Cr2Se3,-0.65166182978425358
Hg1O3V1,
Cd1O3Sn1,-1.6450689133342085
Ag2Hg1S2,-0.20168331082315993
Ba2Nb1O6Y1,-3.5301795040727431
Ca2Cd1P2,-1.1203247015610929
Mn1Ni1O3,
Cr2O3,-2.2714026045758251
F6Rb3Y1,-3.4097871288906716
K2O2Zn1,-1.598812876896031
Mn1O3Sn1,-1.7960948931149474
Ge1O2,-2.0240049176355317
Fe1O3Ti1,
Mn1O1,-2.0005850896032209
Mg1O3Ti1,-3.0905807536957148
Mn1Rb2S2,-1.3591646894410054
As2Rb2Sn1,-0.47478463060670828
Ca2O6Si1Ti1,
Cl6K2Mo1,
Ba2Mn1Mo1O6,
Ag1Cr1Te2,-0.15385877394913061
Mo1O3Sr1,
Ba2Fe1Mo1O6,
Mn1O4Sr2,-2.6693589543726599
F2Mn1,-2.7284976700213015
Mn1Rb2Se2,-1.2852489955878728
In2O7Si2,-2.5709107062690251
K3Sb1,-0.51779235983373706
Mn2O7V2,
F4K2Ni1,-2.4631047434043754
Ca1Fe2P2,-0.72886174008989002
In2Se4Zn1,-0.78847695776059101
Mo1O8V2,
Ba1Ni1O2,-2.1432515408608497
Ge1Se2,-0.18507950658340455
Cl7Mn2Rb3,-1.7150820278132017
Fe1Nb1O4,
Cl2Zn1,-1.3181954677541501
Ca1Ni2P2,-0.64034606819851625
Ag3Na1O2,-0.66373624532335906
Na2O3Si1,-2.5873142782450969
O4V1Y1,-3.2461070040685183
Ge1Na2O3,-2.1381561977773886
Cl2Pb1,-0.82849382032197161
Mn1S2,-0.70870196312756573
F4Sr1Zn1,-3.1710579062400539
F4Fe1K1,-2.6682744129216269
Mo1O4Sr1,-2.5575513874465683
Al1Nb1O4,-2.9888840526849636
Fe2O5Sr3,-2.4223041021536638
Ba1Be2N2,-1.6238157730693858
Ca2Fe1N2,-0.85787083652755047
F6K2Na1Sc1,-3.390310694288992
Cd1F3Na1,-2.3955478187246979
Mn1Na1Sb1,-0.46470832088131697
Cu1Na2O2,-1.3714825726744984
Cl4Hf1,-2.2449249580044164
Ba2Sb2Zn1,-1.0573649991081262
K2Te2Zn1,-1.0824330969771927
Al1F6K3,-3.1952015184279432
Ba3In2O6,-2.6860472441552807
Ge2In2O7,-2.0310326049485452
As2Ba1Cu2,-0.38412129128236616
O2Sn1,-1.7005952562167606
Cu1F2,-1.5228354915287576
N2Sr1Zr1,-1.5841429641406144
Cd1Ge1P2,0.01491423575369577
Ca1Mn1O3,-2.5676210975451648
Fe1Ga2Se4,-0.74069147325634122
Cl4Mn1Rb2,-1.7246312151166228
As1K1Sn1,-0.474436534570017
Cd1In2Se4,-0.74326600777890306
K1Te2Y1,-1.4781947513255171
Fe2O6Sr3,-2.4720445204668087
Ag2Ni1O2,-0.69326543490251868
Ga2Mn1Se4,-0.85628999569701447
Cl6K4Mn1,-1.7937958311711448
Cu2Sn1Te3,0.1947586695155259
Ag1Au1Cl4,
Cu1F4Sr1,-2.5978984224154544
As1Cd1Na1,-0.46133944651765235
Au1F4K1,
Cl2Sn1,-1.1012757505234232
Ag1Na3O2,-1.249161815209769
Ga1Nb1O4,-2.6387185154818047
Cr1Mg1O4,-2.2101377556131681
Cd1Cr1O4,-1.5186543443470786
F3Y1,-4.1646307922559522
O7Sr3Ti2,-3.251872187938837
F4Pb1,-2.1968179358480739
Ca1F4Zn1,-3.2105214403880922
Ca1Mo1O4,-2.5522515939258161
As2Ba2Cd1,-1.0397420411611544
Cr1P2,0.11248206131561922
Al2Hg1Se4,-0.93135632700165116
Cd1Cu2S4Sn1,-0.57934744159281859
F4Ni1Rb2,-2.3666294673359864
Cl6Rb2Zr1,-2.3449863653085408
Ag1Te2Y1,-1.0167061626292258
Al2Cd1Te4,-0.54500268666640039
Ga2Ni1S4,-0.94174555295029627
Ba2Cu1O3,-2.380791470783397
K2Ni1O2,-1.5254763989472284
O6V2Zn1,-2.1141874621436383
Cu2Mg1O3,-1.7059469158053475
As1Mg1Na1,-0.78200856634780314
F2Ni1,-1.9736668246342703
Cl4K2Mg1,-2.2736659804082997
F2Zn1,-2.4647418503639322
Cr1P1,-0.45961676375507388
O7Sc2Si2,-3.4845344265744851
As2Cd1Sr2,-1.0760662352266723
F6Fe1K2Na1,-2.6456894574396226
Ba1Mn2P2,-0.87370122511378767
As2Mn3,-0.16184511647024724
Ba1Ni2P2,-0.66047825117877057
Hg1Mo1O4,-1.5080906272873333
F7K3Zn2,-2.6594212888279412
Ca1Cu2O3,-1.7891983012148702
Na6O5Pb1,-1.4926077233969353
Ba1Cu1F4,-2.6330161086534121
Cd1Na1Sb1,-0.50453366382275866
Au1F4Rb1,
Cr1Ni1O4,
F2Sn1,-2.2126832189988153
Au1F4Na1,
Al1P1,-0.96769566590772182
As2Ca1Fe2,-0.43645554640268447
Hg1Te1,-0.1949659520947955
Ba1Fe2S3,-1.3075673448015355
F7K3Mn2,-2.7521563947434275
Mo1O4Pb1,
Al1K1Mo2O8,-2.3373468834960711
Hf1O2,-3.9376772585398783
As2Ba1Fe2,-0.49482840758849989
Hf1O4Si1,-3.3928764713029951
Ag1K1O1,-0.99344513621478203
Ag2Ge1S3,-0.37338236068668662
Mn1Se2,-0.49099521722319306
K1Mo2O8Sc1,-2.4651557517601601
As2Ba1Ni2,-0.53144808293636725
Mn1Te2,-0.10037595160243207
F2Ge1,-2.51461825597625
Ag1Fe1Te2,-0.10633425018753906
Ag1Ca1Sb1,-0.66903901639505392
Cr1Cu1O4,
K1Na1S1,-1.352644796922323
Ca2N2Zn1,-0.87964949096344647
As2Ca1Ni2,-0.46089785294188257
K1Nb1O3,-2.7070155940773546
Au1Cl4Rb1,
Ba1F4Mn1,-3.2185525348389423
Cl2Hg1,-0.92509394124588362
O4Sc1V1,-3.0671446045432189
Cr1O4V1,
Cl7K3Mn2,-1.7431634569958425
Ni1O2Rb2,-1.3826269276682996
Ba1Mn2Sb2,-0.64630660059748646
Cd1Mo1O4,-1.8644493614961837
F7K3Ni2,-2.4529845144459745
Ca1Cr1O4,-2.3901759050471005
Cr2Fe1K1O8,
Al1As2Na3,-0.67559203251575628
K1Na1Se1,-1.2354866428655737
N2Sr2Zn1,-0.74053794856262822
Ca1Cu2P2,-0.53593963031038738
Mn2Sb2Sr1,-0.66991671163308908
F2Fe1,-2.2386728752779748
Hg1O2Rb2,-1.0248795116158673
As1In1,-0.18350255285290462
K1P1Zn1,-0.61574598505723177
N1Y1,-1.776398262505805
Mo1Te2,
Cu1S1,-0.32398413463248188
Al1As2K2Na1,-0.71672808095761198
Rb2Se3Sn1,-1.0993473023792828
Na1O3Rb1Ti1,-2.4732341997459413
Cu2S3Sn1,-0.42092816582884351
As2Mn2Zn1,-0.4041669027700161
Cu1O3Sr2,-2.3334136934600149
As1K1Zn1,-0.55205680929518142
As2Mo1,-0.21819600858593358
Ca2Cu1O3,-2.4129844684076978
N3Na1Si2,-1.1389746684612927
K2S3Ti1,-1.5614379037271111
Ba1F4Fe1,-2.9445885388292559
Al1K2Na1P2,-0.79584013886860028
Ag2Te1,-0.12193747648258313
Ba3S7Zr2,-2.2816839052205706
Ag1Ba1Te3Y1,-1.2732316317486871
O2Ti1,-3.0278227185039652
As1Hg1K1,-0.23455853419577255
K1Na1Te1,-1.1607053212056975
K1Rb1S1,-1.3526559944414378
Cd1Cu1F4,-1.8791875621297829
In1K3P2,-0.54553034030870817
F4Mg1Sr1,-3.8096532275996671
K1Sb1Zn1,-0.60019401897837232
Na1Sb1Zn1,-0.54823629509316207
Cu2Se3Sn1,-0.16691922820546079
Be1Cl2,-1.8644366278883142
Nb1O4Y1,-3.5140885244800755
Ag3Rb1Se2,-0.57343521801985986
Ag1Ba1Se3Y1,-1.5559295469489163
Mo1O2,
Nb1O4Sc1,-3.3388032379569728
As1Ca1Rb1,-0.94404294227310936
Ag1Au1F4,
Fe1K1Mo2O8,
Al1F4Na1,-3.4454126036908432
Ba1F4Sn1,-3.0035002593418856
As2Ba1Mn2,-0.61256874930703553
Na2Se3Zr1,-1.4407922622763896
Ag1Hf1Rb1Te3,-0.88024661609331156
Cd1K2Sb2Sr1,-0.78369201223492047
F7K2Mn2Rb1,-2.7497893737764638
Fe1Mo2O8Rb1,
Na1Rb1S1,-1.2726975081296172
As4Ge3,0.34841508348146988
Ag3K1Se2,-0.44542668980085898
Ga1K2Na1P2,-0.61275246791312821
As2In1K2Na1,-0.51948116537582623
As2Ga1K2Na1,-0.57604219408219803
Ge1Rb2S3,-1.1619523054354119
In1K2Na1P2,-0.54285889866323167
Rb2S3Si1,-1.3862247774606775
As1Cd1K1,-0.51049213886163258
Cu1Se1,-0.13223433712503319
Ag3Rb1Te2,-0.59851066534281316
Cu2Ge1S3,-0.48310522213079121
O4Si1Ti1,
K2O3Ti1,-2.5306142739442041
As1K1Mn1,-0.53889684475435917
As1K1Mg1,-0.79376105696278065
F4Pb1Sn1,
Ni1O1,-1.1224897948171062
Na1P1Sn1,-0.43276904578624942
In1Nb1O4,-2.478375828477982
Cd1K1Sb1,-0.54310439050843429
Ag1Na3S2,-1.0618613550464349
Ge1Hf1O4,-2.8430627685915244
Ge1K2Se3,-0.95019157829540379
Cl4Sr1Zn1,-2.1256916551886293
In1K1O2,-1.9516061707425494
N1Sc1,-1.7354065892174724
Cr1Hg1O4,-1.155007022609615
Ba1Cd1K2Sb2,-0.7598996263539326
Mo1P2,-0.014186922970861104
Ba2Ca1Cu2Hg1O6,-2.0345299052897881
Pb1Se1,-0.084196195155876286
As1Be1Na1,-0.67840784658414366
K2Se3Sn1,-0.99939245230165952
Ca1O1,-3.2174445002875909
As2Mn2Sr1,-0.64267127185032802
Mn1Rb1Sb1,-0.6801888855257987
P1Y1,-1.7771812111285579
Ge1Hf1Te4,-0.33465708090885382
Ge1Te4Zr1,-0.44684585161657742
Ge1Rb2Se3,-1.0604273752398443
K1Sb1Sn1,
Cu1F6Zr1,-2.8246511113109403
Hg1K2Se4Sn1,-0.96285553796451318
Cu2Ge1Te4Zn1,-0.054606332774870037
Cr1F6Na1Rb2,-2.6314762166183656
As2K2Si1,-0.57464012769643613
As2Ba2Zn1,-1.0455114908007781
Cu1F3Rb1,-2.0400023244215104
Cd2O7V2,-1.9977396066330293
O2Zr1,-3.8737385654378125
Ge1O8Zr3,-3.311316348056736
Ba1O1,-3.1305960732880136
O1Sr1,-3.0767972159507018
Ag1Ba1Sb1,-0.85288066834783915
F6In1K2Na1,-2.8578963430279964
Cr1F6K2Na1,-2.7325796932130397
Na2S2Zn1,-1.2066726276877193
As2Ge1K2,-0.35730400078480296
As2Rb2Si1,-0.58630090424528847
Mn1O6Sr2Zr1,-3.0325667694883567
Mo1Ni1O6Sr2,
F6Ga1K1Rb2,-2.7885722053584088
In2S6Zn3,-0.96413912395871604
O4Si1Zr1,-3.4234193098609289
Ag1Sb1Sr1,-0.84681441565482007
Cd1O3Ti1,-2.3369562228310752
Mo1O6Sr2Zn1,-2.7471460908333958
Ca1Rb1Sb1,-0.84311808851418668
Pb1Te1,-0.16013139485507644
Ge1O3Zn1,-2.0212554611935065
Cu2Sb2Sr1,-0.43851354340705084
Hg1O3Sn1,-1.1269607452632329
Be2N2Sr1,-1.7263024554872599
As2Ca2Cd1,-0.93123636661987108
Ca1O7Si2Zr1,-3.3212281834527877
In1O4V1,-2.1910878127428193
In1Mo2O8Rb1,-2.1107676340665664
Ge1O4Zr1,-2.8806917990648033
As1Na1Zn1,-0.49840759140971125
K1Mg1P1,-0.84725912810331527
As2Cr1,-0.030409466693440912
Be1Na1Sb1,-0.69603942293751819
Ba1In2Te4,-0.94167668699912932
Cd1In2S4,-0.83288866942885287
Ba2Ge1Se4,-1.4859194261262245
Ni2P2Sr1,-0.67278592509466106
Ba1O3Si1,-3.1957841965295719
F11Mn1Na1Zr2,-3.6222565492954248
Mn1Ni6O8,
In2Te3,-0.3874542020761913
F11Fe1Na1Zr2,-3.3972013491336894
K1Na1O1,-1.4973345543370771
Ga1K3O3,-1.90756485808686
In2S4Zn1,-0.93243712654610578
Fe1K3O3,-1.7092695568906753
Ba1Ca1Fe4O8,-2.2450224376074788
Ga2O4Zn1,-2.0644929999552661
Ca2O4Sn1,-2.8107110658944165
N4Si3,-1.3434828060958521
Ge1S4Sr2,-1.6306808301258227
Cr2Mn1O4,
Cd2K2O3,-1.4650457703304092
Ge3N4,-0.090350906639358186
K2O3Sn2,-1.9462831364499911
Ga2Sr1Te4,-0.9714132423788584
In5K1S8,-0.88808778838419222
Cr2Hg1O4,-1.6678230565134289
Al1O3Rb3,-2.0839797119510965
Al1F5Mn1,-3.1616932357960112
In5Rb1S8,-0.92368318622715861
Cd2O4Si1,-2.0561411986154172
Cr2O4Zn1,-2.0571130664217412
Ge1Hg2O4,-1.1487307390031645
Au2Ba1O4,
N4Sn3,0.21781553259538722
Cu2Ge1O4,
Cd1Ga2O4,-1.951149571978076
Fe2Ni1O4,
Cr1Na2O4,-1.9370372276191414
Ge4O9Pb1,-2.0063638822490084
S4Sn1Sr2,-1.6252431376321335
Al2Ni1O4,-2.6395561365879328
Cd1Fe2O4,-1.6133109777610768
Ba1Mn2O3,-2.4680223627778011
Cd1Te1,-0.52702740184545438
Cr5K1S8,-1.0123940347010842
O5V2,-2.2937404515609687
Ge1Mn2O4,-2.040624090440458
Cd1In2O4,-1.6993523282637808
K2Mo1O4,-2.1933753651744876
Fe2O4Zn1,-1.72318739718507
Cd1Cr2O4,-1.9417715219063174
Cd1Ga1In1S4,-0.93994643424022728
Fe1S4Sc2,-1.7834875742183209
Mn1S4Sc2,-1.8959431450011079
Cd1Cr2S4,-0.84471639487691608
Cr2Cu1Se4,
Al2Fe1O4,-2.7933836200043221
Al2O4Pb1,-2.5546342198668714
Cr2Cu1O4,
Cd2O4Sn1,-1.5968964112193449
K2Mn2O3,-1.9342499881251101
Ca3Cr1N3,-1.124523248269016
In1Rb3S3,-1.2893299651433079
Ba1Ga2Se4,-1.2912127975907786
Al2O4Zn1,-2.8497306671694784
Au2O4Sr1,
Au2Ca1O4,
Fe2Ge1O4,-1.8266127154670473
Al1K3O3,-2.268875480925888
Ga1N3Sr3,-0.86516251577226289
Ag2Ba1Mn1O8V2,
Ge1Se4Sr2,-1.4401552030814329
Cd1Sc2Se4,-1.4523622922742381
Cd1Se4Y2,-1.7622857351373957
Cd1S4Y2,-1.9725965131490772
Cr5Na1Se8,-0.68487258788419503
Cr5Rb1Te8,-0.48189310649203509
In2Mn1S4,-0.90710504995840457
Hg1In2S4,-0.70713348592387737
Ba3Fe1N3,-0.59323610029907403
Hg6O7Si2,
Cl8Mn1Na6,-1.583886154997971
Au2O8Sr5,
Cd1Cl8Na6,-1.8266819296812107
F11Na1Ni1Zr2,-3.2241242379149933
Ni1S1,-0.54062982388297254
S2Si1,-0.85852981361941705
K2O3Pb2,-1.4996887760807254
Al2S4Zn1,-1.4170025200160317
Ga1O3Rb3,-1.7393698024812063
Cr5Rb1S8,-1.0719978606914706
Fe2Mn1O4,
Al2Ba1O4,-3.2426918911838896
O4Pb1Sr2,-2.2902924834387592
Ag2Mo1O4,-1.4557053486169726
Al1K1O4Si1,-3.0733833072871684
Cr2Ni1O4,
Ca2O4Pb1,-2.3592420428681353
Al2Ba1Te4,-1.0295074820832553
Cd1Cr2Se4,-0.60631999727974861
Cr2Fe1O4,
Cr2Fe1S4,
Cr2Cu1Te4,
Mo1Na2O4,-2.1309552507508851
Mo1O4Rb2,-2.1699864584472834
Ba2Fe3O8Y1,-2.5637598807264572
Cd1Cl4Na2,-1.6546113569607304
Ge1Ni2O4,
Mn1Sc2Se4,-1.5997019798360181
Cu1O7Rb4Si2,-2.3980933106636786
Ga2O4Pb1,-1.8378167587284668
Mn2S4Sn1,-0.72311995614910973
Hf3N4,-1.8777151225575928
Cr2S4Zn1,-0.90505136872277703
Rb1Sc5Te8,-1.3599510982494984
Al2S4Sr1,-1.8295412622727931
Al2Pb1S4,-1.1999886452039523
Al2Mn1S4,-1.4512089103931602
Ca1Ga2S4,-1.4682720170344958
Ag1Hg1O4V1,-1.3749737317823723
K1S4Si1Y1,-1.73759527180514
Cd1S4Sc2,-1.751350718887231
Cr5K1Se8,-0.76414493567571196
Cr5K1Te8,-0.36839313364762116
Ge1K1S4Y1,-1.4558750414508772
Ba1Ca1Ga4O8,-2.5877538638673272
Be2F8Na1Rb3,-2.9908930406659295
Fe1K2Na1O3,-1.7399500523744966
In2Sr1Te4,-0.8997992741128531
Ba1Fe4O8Sr1,-2.2045765079480226
Ag1In5Te8,-0.36844966223850983
Ag1In5Se8,-0.65893759084687087
Ba3Mn1Nb2O9,
F11Na1Zn1Zr2,-3.4469361903450308
In2Ni1S4,-0.78799106528578333
Ag1Ba1P1,-0.81067686298001229
Cu2O3Sr1,-1.774442972826439
Ca1Mn2Sb2,-0.58354188116876848
K1Mg1Sb1,-0.78832753280952561
N1Na1Sn1,-0.35297691873708548
Hg1O1,-0.60474153970525357
Ni1Se1,-0.4473508102320638
Na1P1Zn1,-0.61900952094739559
Na1O1Rb1,-1.351959474585346
F2Mg1,-3.7519870913188864
Cr1Sb2,-0.012565852761076357
Ca1Cl2,-2.8709760363776695
Hg1K1Sb1,-0.27537654443604853
As1Mn1Na1,-0.41014713376826606
Mn1Na1P1,-0.60082952914792198
As1Mn1Rb1,-0.62609668645080507
As4Si3,-0.082019737293024697
Mg1Na1Sb1,-0.78181851358575116
Se4Ti1Zr1,-1.409170620919225
As4Sn3,0.20534286510918243
O2Pb1,-1.0249217493004616
As2K4Zn1,-0.56745943119380948
Al2Mg1Se4,-1.2386457100508395
Hg1Na4P2,-0.47550457580494632
As2Be1K4,-0.45135113009410066
Se2Si1,-0.46787192911069031
K1Mn1Sb1,-0.60452573635478846
Al2Hg1S4,-1.2546539446438234
Mo1S2,
Hg1K4P2,-0.38017991174094723
Pb1Se2,0.13151183189170945
Te4Ti1Zr1,-0.8080743205544989
Cu2Ge1Se3,-0.23854269417069141
Al2Cd1Se4,-0.98049444699304411
Al2Fe1S4,-1.3366197415452676
F4K2Mg1,-3.2406301293332049
Al1F5Fe1,-2.9750441844642381
Ag1Al1O2,-1.915842227908422
Ba2Hf1S4,-2.2571738153272354
Ba1F6Si1,-3.5758815297613999
Cr3Ga1P4,-0.4722729446652485
K4P2Zn1,-0.57241950209131698
F4Mg1Rb2,-3.1326569196000724
Be1K4P2,-0.44620720744477316
As2Hg1K4,-0.39629866563371885
F4K2Zn1,-2.6661624701923028
Cd1K4P2,-0.53031233763551899
Ga2Hg1S4,-0.78662500874734675
Al2Mn1Te4,-0.49305439816440844
Ag1Al1S2,-1.0014568238278074
Cd1S4Zn3,-0.84309701753330657
As2Mg1Si1,-0.41074863200541767
Ba1F6Ge1,-3.2051765624943878
Cr1Ga3P4,-0.34911346623040096
Ba1F6Ti1,-3.5925152073241362
Cd3O4Sr1,-1.8253919561440792
O4Sr2Ti1,-3.2560212355522937
Cd1O4Sr3,-2.6605006662893254
Al2Hg1Te4,-0.60472212541067805
Ag1Al1Se2,-0.66899118206444275
Mo1O4Sr2,
Ge1Mg1P2,-0.27755599110794638
Cd3S4Zn1,-0.76411561367399594
Te1Zn1,-0.43992517751197013
Au1K1Se2,
As1Rb3,-0.54502146161220821
K3P1,-0.44418069100595314
Sb1Y1,-1.3142609814389532
Al1Cl3,-1.8355226537589107
Cu2Ge1Te3,0.17081000376069566
Cd1Te2Zn1,-0.40644599045072161
Hg1In2Se4,-0.62788428870771407
F4Hg1Rb2,-2.2168422344036482
Cd1Na4P2,-0.5683205417321795
Al2Se4Zn1,-0.99619966459733211
As2Cd1K4,-0.53956959377740055
Hg1In2Te4,-0.44392638343590018
Ba2O4Zr1,-3.6076092147806125
Ba1Be1O4Si1,-3.2899419732520689
Ag1In1Se2,-0.50042586666730582
Cl8Mn3Na2,-1.5165493369347178
Cu2Mn3O8,
Ba2O4Sn1,-2.7582052815268856
Cd1O1,-1.2738049953745914
Al2Te4Zn1,-0.51517272691553329
Cl1Rb1,-2.0921425715718698
Ag1F1,-0.63526283740724954
Cd1Cu2Se4Sn1,-0.34229673683942519
Al2Cd1S4,-1.3755082188001229
F4K2Mn1,-2.7040712618947427
Fe1Ga2S4,-0.95648571818202877
Cd1Ga2S4,-0.99970554930806221
As2Ge1Mg1,-0.09234161698729304
Fe1N1,0.11153246489850588
Ba2O4Pb1,-2.3359293408698116
Cl1K1,-2.1755654270228013
Cd1Ga2Se4,-0.84857232216803746
Ga2Hg1Se4,-0.63251576119955155
Ba2S4Zr1,-2.3266205267352986
S1Sn1,-0.71221555375504586
Cd1In2Te4,-0.51165091946337427
Cr2Mn1Se4,
Cu2Se4Sn1Zn1,-0.35376184947841383
Ba1Ni1S2,-1.5650532279112914
As2Cd1Sn1,-0.069187315468025812
Cr2Ni1S4,
Se1Zn1,-0.75034105317498057
In2Te4Zn1,-0.47176037688095684
Ag1Al1Te2,-0.32428099486289241
As1Sc1,-1.3484931454156905
Na3Sb1,-0.44911791751700614
Se1Sn1,-0.46867015477778429
As2Si1Zn1,-0.2144127755798082
In1Rb1Te2,-0.98079945025788762
Cd1Ga2Te4,-0.51420413526089614
Na3P1,-0.42748562810429735
Ge1S1,-0.86953331139755274
Rb3Sb1,-0.48403720816663709
Sb1Sc1,-1.1159351290572808
Al1O2Rb1,-2.6349048309282219
Cd1P2Si1,-0.29217628042211352
F1Na1,-2.5310825271079045
As1Fe1,-0.021747619354656855
As2Cd1Si1,-0.097764211154247604
In1Sb1,-0.12135715791909885
Ag3As2K3,-0.36054605897746295
Ag2Ba1Se4Sn1,-0.87855478175780632
Fe1Rb1Se2,-0.97858697900021685
Au1N1,
Cu2Ge1S4Zn1,-0.65847083504581549
Al1Na1Te2,-0.9927876248908678
F6Fe1Zr1,-3.2855342751382475
Ag1Ga1S2,-0.72862584467658253
Ba1Te1,-2.0110853117755476
Be1N2Si1,-1.6185275519381124
Fe1P1,-0.14796627399299389
Cd1P2Sn1,-0.078219828825099036
Ag1Na2Sb1,-0.54003016246031388
Pb1S1,-0.21409844344526352
Ga2Mn1S4,-1.0914637756391765
Ba1F6Sn1,-3.150124824035208
Cu2Sn1Te4Zn1,-0.02694049914123342
Au1Cu1F5,
Sb2Sn1Zn1,
Al1Sb1,-0.56484964266693805
Ge1P2Zn1,-0.093615640601421468
Ag1Ga1O2,-1.4605722778162971
As1Cr1,-0.29237160569844622
As2Sn1Zn1,-0.10727033375315598
Hg2Se4Sn1,-0.26013832744438492
Ba1Ca3O4,-3.159966724426361
Ca3O4Sr1,-3.1910601620508361
Ge1N2Zn1,-0.21615066226856339
Ga1Na1Te2,-0.80437873827145001
O2Rb1Sc1,-3.0155617670829287
Ba1O4Sr3,-3.032769688277388
N2Sr1Ti1,-1.3139615799633058
Ca1O4Sr3,-3.0940392003186563
Ag2Ba1Ge1S4,-0.99893091945588219
Ca3Se4Zn1,-1.7393036280458207
Ge1Hg2Se4,-0.21025660609738894
As1K3,-0.53266040764494305
P3Rb1Zn4,-0.43682301884889796
Ba3Ca1O4,-3.1310268041508751
Ga1Na1O2,-2.2009464311154154
Ca1O5Si1Sn1,
P2Sn1Zn1,-0.1284871016104181
As2Ge1Zn1,-0.078905064190128993
Fe1K1Se2,-0.87520928628700734
K1P3Zn4,-0.43563467572393932
As3Cd4Na1,-0.27053946850974064
As3Cd4Rb1,-0.42104171348826558
Cd4K1P3,-0.33692081810490748
Ag1O2Y1,-2.324269733494289
Cu1Fe1O2,
Cu2Ge1Hg1S4,-0.54549788427353763
Ca1Fe1O2,-2.3881324752323989
Ag1K2P1,-0.48451929011898764
As3Na1Zn4,-0.34207296223005601
As3Cd4K1,-0.28800040932548177
Rb1Te2Y1,-1.608868607783418
Cu2Ge1Hg1Se4,-0.31008223215060404
Ag1O2Sc1,-2.18521189398842
P2Si1Zn1,-0.4053383393812231
Cr1N1,-0.66214101371799217
Ag2Ba1S4Sn1,-1.0377616698956875
Cu2Mn1S4Sn1,
Cu2Hg1Se4Sn1,-0.25130637764473018
Ba3O4Sr1,-3.1051038055873468
Ca1Se4Zn3,-1.0545781520809516
Cu1O2Sr1,-2.0473671162881333
Cu2Hg1S4Sn1,-0.46478526998277347
Fe1K1S2,-1.0741989028704366
Cu2Ge1Se4Zn1,-0.41286224419883144
Ag1In1S2,-0.59062017551685697
Cd1Ge2O5,-1.9060123470642791
Al2As3K3,-0.79288422513250723
Ba1F6Zr1,-3.9824687693949485
Fe1O5Ti2,
Mn1O5Si2,
Cl5K1Sn2,-1.4509000112406762
Ba1N2Si1,-1.2137726566210691
Ba1Cu2Se4Sn1,-0.76522431152365655
Cr1Ga7P8,-0.26288619982328321
Ag1Nb1Rb2Se4,-0.99310136719836573
F3Fe1,-2.4833848589958194
Nb3O10Rb1Sr2,-3.0346607615528063
Ba1N2Zr1,-1.4900610316028597
Cl1Na1,-1.9667091658808631
Au1Cl3,
Fe1Na4O3,-1.6079184601587642
Ba1Hg1S2,-1.364754442439299
Fe2O5Ti1,
F6Pb1Zr1,-2.9034773017844024
Be3O4Sr1,-3.3960035970598272
Al2O5Ti1,-3.2409263151109302
Cu2Ge1Mn1S4,
Mo1O5Pb2,
Ge1Na2O4Zn1,-2.066819185641378
Au1Na1Se2,
Ba3O9Y4,-3.6886617087402653
Cu2Ge1Se4Sr1,-0.76953779412747014
Ge1Mn1N2,-0.15286424922051722
Ag2Cd1Ge1S4,-0.56392922245249544
Ba1S2Sn1,-1.5723953699230884
Ag2Hg1Se4Sn1,-0.37686348823643145
Al1K1O2,-2.7880318148253016
Ba2Ca2Cu3Hg1O8,-2.045916940925002
Cd1Cu2Ge1Se4,-0.36312068460540514
Mn1N2Si1,-0.82478674161776766
Cd1Cu2Ge1S4,-0.61368856539215866
Cr1O5Pb2,
Cu1Fe1Se2,
Ag1Cd2Ga1S4,-0.86939515734317885
Al1Na1O2,-2.8534701844201837
Ag2O4Si1Zn1,-1.6374389113005225
As3Rb1Zn4,-0.47785986461439567
Ge1Se1,-0.63952051209290861
Ag2Ge1O4Zn1,-1.3623535849668569
Ag1K2Nb1S4,-1.0816933003499773
N2Si1Sr1,-1.2979050771954892
Ba1Nb2O11V2,
Ag2Ge1Pb1S4,-0.57587108522690622
Cu2Fe1S4Sn1,
Ag3O4V1,-1.1793482660500154
F6K1Nb1,-3.1327620605904904
Ca1O5Si1Ti1,
Ag2K1Nb1Se4,-0.60881932063728561
Na4O9Si3Sr1,-2.797099695430239
O10Sr4Ti3,-3.2506904512187127
Ag4K2S3,-0.6709347089642379
Ag2Ge1K2S4,-0.92988226220157966
Ca4N4Ti1,-1.4310423634940701
Ba3In2P4,-0.8896441921988516
K2Mn3S4,-1.2624587957885662
F6Na2Sn1,-2.8705735124960445
K4O4Pb1,-1.4826694064332475
K2O4Zn3,-1.6611933429898946
F6Hf1K2,-3.5912103258778734
Rb2Se5Sn2,-0.92790317775526088
Ca1Mn2P2,-0.88406834202684959
Al1F5K2,-3.2971495370730444
Ag1As1K2,-0.48942911050698301
Cl3Ga1,-1.3176828664997646
Ag1Na1O1,-1.008910158763678
Ga2Se4Zn1,-0.86407032655228511
Cu2Fe1Ge1S4,
Ag1In1O2,-1.2647011771023084
Ag1Fe1S2,-0.52393568284893277
Be1O2Zn1,-2.6830783840877448
Be1S1,-1.6266744039705312
Fe1Te1,-0.05183855260740966
Ga2S4Zn1,-1.0378560033328372
Ga2Te4Zn1,-0.48664820244163964
Cl2Mg1,-2.3006051592305221
Mn2P2Sr1,-0.89587880271900389
Ba3O5Si1,-3.2427098675872177
Cu1F6Sr2,-2.9637809457750866
Cl6K2Sn1,-1.7530178408852073
Na4S4Sn1,-1.1670816935155455
Nb2O6Sn1,-2.5367423619256719
Na4O4Sn1,-1.9003707915778758
Ca3Ga2N4,-1.0341262073727906
Ba2In2O5,-2.5671274015901031
Al2P4Sr3,-1.2679542096161636
Ag4O4Si1,-1.0846118233910338
Ge1O5Pb3,-1.652743924321614
Rb2S4Zn3,-1.1503592777548381
Ge1Na2O5Ti1,
Ba1Nb2O6,-3.1054464295550703
Ge1Na4O4,-1.9607365261722385
K2S5Sn2,-1.0397718715890054
Cu2Rb2S4Sn1,-0.91868309664321091
Ag2K2Se4Sn1,-0.79359323421441275
Na4O4Pb1,-1.5514916545067181
In2S5Zn2,-0.95610300709644624
Ni3Rb2Se4,-0.98767281942913865
K2Ni3S4,-1.0121675564710477
Ag2Ge1Rb2S4,-0.94102989193524689
F6K2Si1,-3.3246305459948675
Cu2Mn1Se4Sn1,
Cd1Se1,-0.65494040243696627
Mn1S1,-0.99929321574450292
Ge2N3Na1,-0.26106649026890505
K1Na1O3Ti1,-2.5227650320055242
F7K1Sc2,-3.886186508679371
Cu1K6O8Si2,-2.4034673111359504
Ag2O11V4,-1.8755252569783813
Na2O5Si1Ti1,
K4O4Sn1,-1.8246625603265199
Ag2Ba1Hg2O4,-1.0149240356189009
In2O5Sr2,-2.5379069622284578
Ba3S5Ti1,-2.215184466881333
O6Pb1V2,
Ga1In1O5Zn2,-1.9706078832576743
O4Rb4Sn1,-1.686803038277628
Ag4Rb2S3,-0.68742433334536157
Ba2Cu1F6,-3.0281965998430458
O4Rb2Zn3,-1.6099306889024558
Na4Se4Sn1,-0.96288716117050743
In2P4Sr3,-0.91986486035016224
Na4O4Ti1,-2.2525933863544383
Mn3Rb2Se4,-1.1485497492760386
Al2Ca2O5,-3.3664625975533147
Cr3Rb1S5,-1.1249052482106938
Al2As4Ca3,-1.0179888850268388
K2Se5Sn2,-0.80902537319521795
As4Ca3In2,-0.82724858756735875
F6K2Mn1,-2.9328928972951647
Cu2Na2O11Si4,-2.5698875411487059
O1Rb2,-1.2315041178209887
As2Cd1Ge1,0.056501096012394392
S2Sn1,-0.43977690516615864
F3Sc1,-4.0347306824232518
Au1K1O2,
Cu1Fe1S2,
Mg2Na1O10V3,-2.7010874541764913
Au2O3,
Ag2Se1,-0.11677328265072151
Al1Na3P2,-0.77855338890601811
Ag2O2Pb1,-0.77271494768427473
K1Mn1P1,-0.68333700059885327
Ag3Rb1S2,-0.57213036976510456
Fe1O3Rb3,-1.5516477615228719
Cr1F5Mn1,
Cr1O3,-1.5828995587802321
O2Rb1Y1,-3.0795082093165433
Fe2Ga2S5,-0.9752650754304204
Ag1Ga1Te2,-0.31684393758291751
Ag2Ba1S2,-1.0511596688350218
Ba1F4Mg1,-3.8244064627221874
Ag1K2Se4V1,-0.78686768238480465
Ag1Rb2Se4V1,-0.85716476650649609
Ag1Nb1Rb2S4,-1.113449061738117
Ag5Rb1Se3,-0.43598465398524056
Cd1Cl4Rb2,-1.8119318401453088
Mn2O7Sr3,-2.601080721902985
Ag2Cu2O3,-0.52256679272042028
F1K1,-2.694547958733073
Mg1Te1,-1.1253613709609969
Ca1In2O4,-2.365729058052807
Sn1Te1,-0.053292917946779816
Ag3Sb1,-0.049592124917047675
Cr2Mn1S4,
Cr1Sb1,-0.20739900586415327
Cr2Se4Zn1,-0.65852898862943654
Ga2Hg1Te4,-0.37220845180353335
Be1Te1,-0.70567910216743845
Cd1Sb2Sn1,
Cr2Mg1O4,-2.4927976024752398
Cr2Fe1Se4,
Al2O11Si4,-3.2148154630296393
Ca1F6Sn2,-2.796260654225923
Na4O4Si1,-2.2942088851109594
O3Si1Zn1,-2.5605479515447307
Cr1Na1O6Si2,
Fe1Na1O6Si2,
Cl3Fe1K1,-1.4978957616342035
Be1K2O2,-2.1096748516442929
Cd1Cl3K1,-1.6471000832890157
Fe1O3Si1,
Ba1Sb2Zn2,-0.74980265171110716
Nb1O3Rb1,-2.7035970073861453
Cd1Cl3Rb1,-1.6701519073314319
Fe1O3Y1,-2.8075666424524188
Cl3Cu1Rb1,-1.178383576475841
Cl4Si1,-1.5177455407858185
Cl6Cr1Na3,-1.4786735334920089
Al1Cl8Nb1,-1.4981406253515637
Ba1S3Zr1,-2.2351661054039154
In1Na5O4,-1.7543417133139605
Ba1Ge1O3,-2.6663513284971829
Ba1Cu1F7Fe1,
Cr1Ga1Se3,-0.76770093980749365
F3Na1Ni1,-2.3252376465454723
Cd1F3Rb1,-2.4784534948118795
K1O2Y1,-3.1258012916642315
Ag1As1Sr1,-0.76685645655482659
Ba2Si1Te4,-1.2470097596539333
Ag1O1Rb1,-0.93058254230856585
Ba2F10Mg3,-3.8258666381782662
Ba1Hf1N2,-1.5186596819050893
Ca2Ga2O5,-2.8539832455741512
Ag1Cd1Sb1,-0.28873744740821627
Ag1K1Se1,-0.83661896860741614
Ag1P1Sr1,-0.82414529606150122
Cr4Cu1Fe1S8,
Fe1In2S4,-0.77626449902015926
Fe1Sb1,-0.071808212525901638
F1Rb1,-2.6303466617998081
Be1Se1,-1.302796659333564
Ba1F2,-4.0768310304996875
Al1F4Rb1,-3.3124156462915311
Sr1Te1,-1.9206856072155634
Ag1Ga1Se2,-0.60153225718835657
Ag2Ba1Ge1Se4,-0.80884525387249617
Te2Ti1,-0.56742456438765121
In1P1,-0.1240027504816732
Ag2O1,-0.18498117794078972
Be1F2,-3.8837779979753231
O7Si2Y2,-3.6312404073644995
Ba2Mo1Ni1O6,
Ba1F4Ni1,-2.8346625242790049
Ba1F4Zn1,-3.2028356807530516
F3In1,-2.4634827513895834
Ag1In1Te2,-0.31039885412346591
Ca1Ge1N2,-0.70091347949845151
As2Mg2Sr1,-0.98462137637715763
As2Mg2Zn1,-0.72382647242966325
Ca1F6Sn1,-3.1684547068926423
Ba1Cu3O4,-1.6251329632896785
Ba1O3Pb1,-1.9667783968236705
Ga4O8Ti1,-2.5595308032342219
Ag2S1,-0.12874679766617358
Ca1Cu1F4,-2.6268582521785184
Cr5Rb1Se8,-0.88248817683067315
Mg1Mo1N2,
Ba3Cr1N3,-0.83415650764167992
Ca1Cr1F5,-3.2184331057935189
Ba1Cd1S2,-1.6395568781687366
O2Sr1Zn1,-2.4134976121780278
Cu6O8Pb1,
Cl6Fe1Hf1,-1.7083017593000522
Cl6Fe1Zr1,-1.8117744868086398
Ag1K2S4V1,-1.0109426457435315
Ba4S10Zr3,-2.2627523582625373
Al1Na1O6Si2,-3.1113035943294873
As2Ba1Zn2,-0.72510296837171584
O3Pb1Sn1,-1.5878932904969858
O3Pb1Sr1,-1.9345190424716505
Cl3Cu1K1,-1.1798477041145774
Cd1K2O2,-1.4737063887786763
Ba1Ge2P2,-0.69451060668767095
As2Ba1Ge2,-0.58991569444064362
Al1O3Sc1,-3.6261608188852534
As2Ba2Ge1,-0.90018419218767587
Na1O3V1,-2.3733781011789237
O2Pb1Rb2,-1.3892765046219058
Ca1O3Ti1,-3.2683551997703013
Ba2Ge1P2,-0.99678642938587592
K1Na1O2Zn1,-1.6133690111277623
Ca1O3Zr1,-3.7203715656842267
Ge1S3Sn1,-0.65338167699327654
O3Sn1Sr1,-2.4927808468550179
K1Mn1Na1O2,-1.8259754012764553
Cd1O2Rb2,-1.4009921263787581
Ca1Cu3Mn4O12,
Ag4K2Se3,-0.56964681531191697
Na2Se1,-1.1665655094848935
F6Mn1Rb2,-2.8309276410000881
O3Sn1Zn1,-1.8197705619090381
Se2Zr1,-1.7841254444936556
Cd1Cl2,-1.2481306269575436
Cu1In2O4,-1.722394811518599
Mg1P2Si1,-0.65373758661496062
Fe1S1,-0.64357396726904614
Mn3N2,-0.43209685844895773
O2Si1,-2.9698095519469359
F6Fe1Na1Rb2,-2.5364535271525339
Cr1F6K1Rb2,-2.6722795864496502
As2Ca1Cu2,-0.32389605975067282
Cd1O6V2,-2.0800080125238427
Ba2Ca1Mo1O6,-3.121343465264184
Ca1F6Ti1,-3.5985875688311086
As2Be2Mg1,-0.90386216852187529
Si1Te2,0.033468346321333886
As1Fe1Na1,-0.32999887215973001
Ca1Na1O4V1,-2.763468030594086
Cd1Na1O4V1,-2.1680125765316847
Al1Ca1F5,-3.8024525277462677
Cr1N3Sr3,-0.95305935936285291
Ba3Nb2O9Zn1,-3.1056384241676218
As2Ca1Mn2,-0.56196997381193992
Ag3K1Te2,-0.46755711861523674
Ba1Mn1S2,-1.775684068663387
Cu1F11Na1Zr2,-3.124928515350442
Ag1Rb2S4V1,-1.0405035467830999
Ba3Ni1O4,-2.5239440527294885
F6K2Zr1,-3.6230405076067056
K1O3V1,-2.437099629922697
O3Rb1V1,-2.4123423323096906
S3Sc1Y1,-2.3306513296868578
O2Rb2Sn1,-1.6708286285320653
Ge2Na1O6Sc1,-2.5883109200791017
Cd1Cu3O12Ti4,
Ga1Na1O6Si2,-2.879201516284664
Ge2In1K1O6,-2.1247803708864148
F3Na1Zn1,-2.5564758200526314
In1Na1O6Si2,-2.7187670978345562
Ca2Nb3O10Rb1,-3.048400000773122
Hf1S3Sn1,-1.4167417616847198
Hf1Pb1S3,-1.141580756230252
K2O2Pb1,-1.4551979338560637
Cr2S3,-0.90246777706917936
F3Fe1Rb1,-2.465633047279177
F3Pb1Rb1,-2.2629145720211374
Na4O3Sn1,-1.6394316770744322
Al2Se4Sr1,-1.4561725640009047
Ba2Se4Si1,-1.5809151216431956
Mo1Se2,
Cu3O5Sr2,-1.8914123409484969
Cu1F6Mo1,
Ba1Mo1O4,-2.6240027072825951
Ca1Mn1Sb2,-0.62644570903172703
Cr2Cu1S4,
Cr2Hg1S4,-0.7772642475347622
Cr2Hg1Se4,-0.57974927265134291
Hg1K2S2,-0.94766232274273143
Na1O6Sc1Si2,-3.1523190700228749
F7Mn1Rb1Zr1,-3.5047148155552605
Al1O3Y1,-3.6436039034942205
K1Na1O6V2,-2.427231105286725
Ag1O3V1,-1.6497988111012836
Cr1Mo1O7V1,
Cl6Na3Sc1,-2.149868814858237
Cd1F3K1,-2.465447269984292
Ag2Ba1Te2,-0.92837734575341457
In1Na5S4,-1.2144068283517799
Ca1Mo1O3,
Al1Rb6Sb3,-0.65319639239763339
Cl4Sn1,-1.1632996894584409
Cr1Hg1O6Pb2,
Pb1S3Sn1,-0.4684209602311884
Cl3Hg1Na1,-1.1635780311731585
Cu1F3Na1,-2.0092193751418583
Ca1Ni1O6Si2,-2.7204444474318823
Mn1Ni1O6Y2,
S3Sc2,-2.1466481472040808
Cu3O12Pb1Sn4,
K4O12Zr5,-3.32900375703555
Na2O13Ti6,-2.976761165119739
Fe2K2Nb4O13,
O7Ti2Y2,-3.6229130068010162
Cl6Fe1K3Na1,-1.6078397175470791
Cd1Cl6K1Rb3,-1.9122638091419135
Al1F7Na2Ni1,-2.8980584225387007
O7Si2Sr1Ti1,
Ag1Fe1O7V2,
Cl8Cu1Ga2,-1.0009968475912434
Ba3Ga2S6,-1.8360495575712492
F7Fe1Na2Ni1,
Ag2In2Se6Si1,-0.46072731000962319
Ca1Se1,-2.0551440015909872
Fe2In2Se5,-0.63038652846619314
Mo2O7Y2,
Al2Cl8Cu1,-1.3319064855129836
Al1As4Ca3Na3,-0.90442754595607333
As4Ga1Na3Sr3,-0.8738836042092788
F7Rb3Si1,-3.1483303410899559
Au2Ba1F8,
Au2F8Zn1,
Au2F8Hg1,
Hg4Se6Si1,-0.31639474012723667
Ag2Ge1In2Se6,-0.48245992539699278
Ba5Hf4S13,-2.1896363271210753
Mn1Na6O4,-1.6685574420886353
Ga1Na3P4Sr3,-0.90958399994476258
Cd1K6Te4,-1.271196993542667
Cl8Ga2Ni1,-1.0756665454529211
O14Rb3V5,-2.4526119337205738
Na2O6Si2Zn1,-2.6278421153981824
Cr2K2O7,-1.952458779111935
F7K3Si1,-3.261573863256614
Cr1F7Na2Ni1,
Cr2Na2O7,-1.8961931386664066
Hg4S6Si1,-0.53589105726122588
F6Mg1Pb1,-2.7743735891048997
In2Rb4S5,-1.2838617026095069
Al2Cl8Sr1,-2.1454820987455125
Cd1K6O4,-1.4779483150178563
Na6S4Zn1,-1.2912598506782631
K6Mn1Se4,-1.2959278920964783
Cd1Cl6Rb4,-1.9272486626749801
Ba3Na1Nb1O6,-3.1532121019092112
K3O14V5,-2.4523569070673856
Mn2O7Y2,-2.9046439484709721
Hg2Mo2O7,
Cd2Nb2O7,-2.2941081890950157
Cu3F7Na1,-1.8056646422484222
Cr1K1O7V2,
Na5Nb1O5,-2.1972877433492339
Ni1O6Pb1Sr3,
Hf2O7Y2,-3.9814356287559356
Mn1P1Rb1,-0.65158510077054999
Au1O2Rb1,
Ca1Fe3O12Ti4,
Ca1O6Si2Zn1,-2.9450490182268139
Mn1O3Sr1,-2.4841366212020377
Hf1O3Sr1,-3.6513065557080768
Nb1O6Sr2Y1,-3.471697760384564
Ag2Hg1O2,-0.29814520176943082
Cl4Ti1,-1.6499298957453394
Ag1Cu1F3,-1.0710245956481868
Cd1F7Rb1Zr1,-3.138914867898027
Na2O2Zn1,-1.6473490153528507
Fe1Ge2Na1O6,
Ba1S3Sn1,-1.3789355328595003
Ge1Pb1S3,-0.44204613093318734
F3Mn1Na1,-2.6943362721964008
F6Fe1Na3,-2.5942046982099205
Sc2Te3,-1.2907137389071428
F3Fe1Na1,-2.4429227741051602
Ca1S3Zr1,-2.1755914466572985
F6K1Rb2Y1,-3.4362663093183068
F6Na3Sc1,-3.3040565377288753
N2Ni1Sr2,-0.49755322888264164
F14Sr4Zn3,-3.3016140314600495
O13Rb2Ti6,-2.9691563203741635
Ca2In1Nb1O6,-3.0117453099251668
O7Pb1Ti3,
Cd4S6Si1,-0.86338582316678725
O7V2Zn2,-2.1042694598815004
Ca2O7V2,-2.9075242846924407
K2Mo2O7,-2.1381133725023993
Nb2O7Sr2,-3.1467329971843236
Cd4Ge1S6,-0.76850143701775764
In1K1Te2,-0.85405633068936604
Al1F7Na2Zn1,-3.0258768731960042
Cr2O7Rb2,-1.9275710975960765
K6Mn1Te4,-1.2180693601210986
F7Rb3Ti1,-3.1746212045413102
Al2Ge2O7,-2.6955824532281261
Au2Cd1F8,
Cd4Ge1Se6,-0.58079308160033394
Fe2O5Rb4,-1.6482638107423844
Ag2In2S6Si1,-0.74145631088083253
F7Ga1Na2Ni1,-2.6953482658970023
Ba1Cu1O6Si2,-2.8270883004425666
S3Sn1Zr1,-1.4771768906459108
F6K1Rb2Sc1,-3.356888071758827
Se3Sr1Zr1,-1.9696900595949591
Cr1O3Sc1,-2.9683353197741482
Mn1Mo1O6Sr2,
Cr1O3Y1,-3.1029002455508312
Cu3O12Sn4Sr1,
Ga1O6Y3,-3.5496463588095697
Ca1Cu3O12Sn4,
Ca2Cd1Sb2,-0.93034173624082372
In1Nb1O6Sr2,-2.9631718144607575
Cl4Ge1,-1.1839966976219949
Na1Nb1O3,-2.6632268575034308
Cr1Ge2Na1O6,
Ca1Fe1O6Si2,
Cl3K1Mn1,-1.697095147585522
F13Na5Zr2,-3.4890089565223699
Ca1F3K1,-3.6420554181965978
Cd1Ge1O3,-1.7918812491075524
Cl6In1Na3,-1.7923152822918116
S3Sr1Zr1,-2.1812074580587013
Ca1Mn1O6Si2,
O3Sr1Zr1,-3.6555898138976897
Ca1Mo1O6Sr2,-3.0595695741242315
F6K3Y1,-3.4642665156903965
Ca1O3Pb1,-1.9596698945370115
K2O13Ti6,-2.96297625649858
Hf5K4O12,-3.3596524090556574
Na4O12Ti5,-2.800961401376231
Cu3Ge4Na2O12,
Al1Ca1F14Mg3Na3,-3.5394419233430465
Na6O4Zn1,-1.6018803442488587
Cd1Cl6K4,-1.9412314428046693
Ba1Na2O6Si2,-2.8597962619660695
Ag2Cr2O7,-1.3134592974488646
Hg1K6S4,-1.1675551494382286
Hg2Nb2O7,-1.9406124949029762
O7Sn2Y2,-2.9457184066160558
Al2Ba1Cl8,-2.1328496915701338
Al2Cd1Cl8,-1.5747080991731401
Mn1Na6S4,-1.2780651558850091
Mn1Na6Se4,-1.0978351164074165
Ag2Mo2O7,-1.6149078371724999
Mn1Na6Te4,-0.96881442542735474
Fe1Na6Se4,-1.0136590984530809
Fe1Na6S4,-1.195381057848766
K6Mn1S4,-1.4373862472607684
K2O6Si2Zn1,-2.6396385572249601
Mn2O7Sc2,-2.7643239335567724
Cd4Se6Si1,-0.55596681771593826
O7Y2Zr2,-3.9840331864391976
Ag2Ge1In2S6,-0.65354949729180145
Hf1Mo2O8,-2.5659524724651437
Fe2K4O5,-1.774775382272022
Ga3N5Sr3,-0.82353499809017094
Mo2O8Zr1,-2.5325090462838373
Nb2O7Sn2,-2.4720699104234773
Cu2O7V2,
Cr1O7Rb1V2,
Cl3Y1,-2.6962210916159837
Be2O7Rb2Si2,-2.9261302458832903
Cr1F6Mn1Na1,
F6Pb1Zn1,-2.3640769788889036
Ag6O7Si2,-1.2389634859628558
Ca3O7Si2,-3.2980705962924439
Ni3O8V2,
Na2O11Si4Zr1,-2.9907882118374234
Ca2O4Si1,-3.3103889297469116
Cu1K1Na1O10Si4,-2.7094906032431245
Mn2Mo3O8,
Co2Mo3O8,
Ba1O9Si3Sn1,
Ba1Hg1S4Sn1,-1.2554488062991727
Ca1Co2P2,-0.68804072492105561
Cl3K1Ni1,-1.4588273405858732
Co1S1,-0.53868563823366422
Cu2Ge1S4Sr1,-1.0037823775845149
Mn1Te1,-0.29349512385643717
Cr2Ni1Se4,
As1K2Na1,-0.49391004901057389
Ag1As1Na2,-0.45094966694976746
Fe1Nb1O6Sr2,
Ba2In2O6Sr1,-2.6547000898231143
Fe2K2O5Rb4,-1.4834846747582366
Al2Ba1O8Si2,-3.2736576741332781
Al2Mn1O4,-2.9531827561023931
Fe3O8Sr2Y1,-2.5386433928468666
Ga2Mn1O4,-2.2507596727706369
In2Mn2Se5,-0.78286491903865318
Cu2Nb1O8Sr2Y1,
Ba2Fe2O13Ti4,
K2Mg2Nb4O13,-2.9191591973366133
Ba1Cu2Ge1S4,-1.0180055915135453
K2O3Sn1,-1.9788744373584461
Ca2O7Si2Zn1,-3.0799519148668204
Ba1Fe4O7,-2.0395380862779993
Ba1Fe2Se3,-1.1090379759067996
Al2Ca2O7Si1,-3.4357877122965887
Ba2Mn1Se3,-1.8002784331238204
Cl7Cu2Rb3,-1.3217711539042785
Ba2Hg1S3,-1.7052955369375717
Al4Ba1S7,-1.6981060736501572
Be3K4O5,-2.3203404107428161
O3Rb2Ti1,-2.4513015561036582
Be2O7Si1Y2,-3.7415585849088711
Ca1Te1,-1.6834160758035521
Ba2S3Zn1,-1.9500345977558715
Be1Ca2O7Si2,-3.2257905129212174
Ca6Ga1N5,-1.057665050225177
Ba2O3Zn1,-2.6729527834425704
Ag1Au1Ba4O6,
Ag2Hf1S3,-0.91821582538588542
Ag1Nb3O8,-2.3837742588447695
Ba1Mn2O8,-1.3981326649855879
Ba1O7Si2Zn2,-2.7361388696713496
Fe1Mo2Na1O8,
Na1Nb3O8,-2.8329226369045193
Au2F8Ni1,
Ge2K2Pb1S6,-0.84196606100648141
Al6Ca4O13,-3.3871634923482041
Ba3Fe3Nb1O14Si2,
Cu2Fe1Se4Sn1,
Al4O7Sr1,-3.3366156948477355
Cr1Nb1O6Sr2,
Ba2Fe1Nb1O6,
Ag3Cl6Y1,-1.0766341254541849
Ga1In1Mn1S4,-1.0571813527426932
Al1Ca2Fe1O5,-2.8821615406143435
Ba1Mn2O6Sr1,-2.5166828217493222
Fe1Mo1O7V1,
Ga4O7Sr1,-2.424524915425375
O3Pb1Rb2,-1.4926326227835123
Al4Ca1O7,-3.4068302102906829
K2O3Zr1,-2.8871530766455398
K2O3Pb1,-1.5468064326628039
Ge1Na2S3,-1.0638762501975223
Ge2O7Sr2Zn1,-2.5841668215025257
Ge1K1Na1O3,-2.1076018963472021
Ag2O3Si1,-1.4615666875833919
Ba2Mn1O3,-2.7513516072697044
Cr1O4Sr1,-2.3793723121647421
K1Nb3O8,-2.8289688195121983
Ba2Fe1Ge2O7,
Ag3Na1S2,-0.5151277600168469
Mn3Na2O7,-2.0177335120173385
Na2O7Si2Zr1,-2.9870334946802526
In1K2Na1Sb2,-0.45778890781387371
Na2O7Si3,-2.874281088132336
Ba2Cd1Te3,-1.6045470705609977
Ag2O3Ti1,-1.4386905572843181
Na2O7V2Zn1,-2.3608221491699943
Cu1Fe1O6Pb2Sr2,
Ba1Be2O7Si2,-3.2991762921378847
Ag2Ge1O3,-1.1248644441057225
Ba1Na1O7Sc1Si2,-3.2153846989134189
Ag2S3Si1,-0.52312633330206371
F6Mo1,-2.1397028588143017
Fe2S4Si1,-0.84664401970644043
Cl4Na2Zn1,-1.6981698851402278
Mn2Na14O9,-1.6479940978358889
K2O9Si4,-2.8525162458415734
Ba1O13Ti6,-3.1508530332113276
Ba2O4Ti1,-3.3199597696796586
In1O3Y1,-3.0266300133400499
Cr1F5Rb2,-2.7216813886593783
Co3O8V2,
Al1O4Rb1Si1,-2.9867350308982896
Ca1Cr2O4,-2.5949308237561146
Ba1Ge3O9Sn1,-2.2116210148347246
Co1Na4O3,-1.5587621718074312
Co2P2Sr1,-0.71557530915418699
Be1F5K3,-2.929248827931513
Fe2O5Sr2,-2.371123240374148
Co1N1,0.44488289275770754
Rb2Te1,-1.2925733459122111
Co1Se1,-0.39584024281257868
Co1Cu1O2,
Co1F2,-2.0087269360817595
Ge2K2O6Zn1,-2.173486897163698
Nb6O16Sr1,-3.0217262337688213
Cd1Cu2Ge1Te4,-0.060112645075449667
As1Na3,-0.39435601164201817
Ba2Cu1Ge2O7,
Ba2Cd1S3,-1.8929418712033739
Ca3O7Ti2,-3.3153612789372486
Ba2N3Nb1,-1.1781761116610046
Cl4Fe1K1,-1.4442878391393026
Cu1O7Si2Sr2,-2.9550303518380523
Cu1Ge2O7Sr2,
N3Sr2V1,-1.1260801394326014
Ba2N3V1,-1.0356513949995376
Mo1Ni1O4,
Ba2Cu1O7Si2,-3.0005019455963362
O7Sn2Sr3,-2.6390952089735156
Ge2K2O7Zr1,-2.4967806618101056
Ge2Mn1O7Sr2,
Ca2Cr1Nb1O6,
Al1Ca2Nb1O6,-3.3765305534472372
O7Si2Sr2Zn1,-3.0354470294693368
Hf1S5Y2,-2.2520105508249024
Na2O8Si3Zn1,-2.7307325455837583
Ga1O3Y1,-3.2129131400924544
Cd2Na14O9,-1.5390341005359662
Cr1K2O4,-1.9926282588539777
Ge1S2,-0.39111946467337688
Fe2O4Si1,-2.2058369019638731
Cd2Ge1O4,-1.6857548169388314
Al1Be1Na3O8Si2,-2.902493320255966
Fe3Na7O8,-1.7671489940345504
Ba1O5Si2,-3.1080513722684051
Co1F3Na1,-2.3266969323248148
Ge3Nb1O9Rb1,
In2O3,-1.773659416289775
Cl2Co1,-0.84600361108000754
Co1F3K1,-2.3908098653306533
Co1Te1,-0.051127309285060818
Al1Ca2Ga1O5,-3.0640385913600117
Al1F6Na3,-3.1675359916689398
Nb1O6Sc1Sr2,-3.4122424963298794
Na2O7Ti3,-2.844029726199798
Au1Cl4K1,
Cl4Fe1Na1,-1.3080722150406467
Ba2Mn1S3,-1.9817278112954706
Ca1Ga4O7,-2.4845368516338784
Mn1Mo1O4,
Ba1Ga4S7,-1.2091070460860331
Ag1Se2Y1,-1.3125762596208785
Be2Ge1O7Y2,-3.4949104735981482
Ba2Cd1Se3,-1.7804141369341315
Ge2Na2O7Zr1,-2.4932069263342234
Cr1O4Pb1,
K1O8V3,-2.4009912978136558
Cl4Fe1Rb1,-1.4387931669207124
Ba1Cr1O4,-2.4506216884021557
K2Nb5O15Y1,-3.0508594728239835
Ba3Ga3Nb1O14Si2,
Ca3Mn1O6Zn1,-2.7077080994178853
Mn1Mo1N2,
Au1Na1O2,
Ag2Fe1S4Sn1,
Ga2Ge4O14Pb3,-2.0105550912105263
Cu2S4Sn1Sr1,-0.9955515996102946
Al1Cl4Na1,-2.0290682736898367
Se2Ti1,-1.1033398521613815
Mg1Mo1O6Sr2,-2.9751680868418582
Cl6Na3Y1,-2.2312201011183657
Nb2O5,-2.9117122131475766
Mn1O2,-1.9334515395109229
Ba1Ca1Cd1Sb2,-0.94056784609108224
In2Mn1Se4,-0.71853669017479049
Al2Cu1O4,-2.6625528870122848
Na2O4Si1Zn1,-2.4081943293570025
Ag1Cl3Rb2,-1.5878601269323427
Cl4Na1Sc1,-2.3114908870721238
K2Sn1Te3,-0.74050648207442782
Be1F4Sr1,-3.6579495175623622
Ba1Cu2Ge1Se4,-0.75905538019153074
Na1S7Si1Y3,-1.9970406668009533
S3Sr2Zn1,-1.8749317288634062
Ba2Mn1Te3,-1.4857955502954936
Al1Fe1S7Y3,-2.0127139611291449
Al1Mn1S7Y3,-2.0889397873382807
Al1Co1S7Y3,-1.9645334555508276
O7Sr3Zr2,-3.602819997753377
O8Rb1V3,-2.4238035995516745
Ba1Cu2S4Sn1,-1.0122187707211046
Cr1Fe1O8V2,
F3Ga1,-2.4849708983677639
Be8Na6O11,-2.64470480797302
Al1Ni1S7Y3,-1.9368994108322894
F4Fe1Rb1,-2.6140919549518928
O8V2Zn3,-2.0886276270263
P6Sn2Sr5,-0.93253046074768209
Co2Na4O5Rb2,-1.4850330178838025
Cu2Ga1O7Sr2Y1,-2.5556657376351644
Ba4Ga2S7,-1.9198710362649591
Al1Ca2F9Pb1,-3.0947794519019785
K6O5Pb2,-1.3581130889522983
K3O7Sc1Si2,-2.9377844245162272
Be2K2Na4O5,-1.8833237698751861
Ba2Ge2O8Ti1,
Ba2O8Si2Ti1,
Ba1Ga1O7Y1Zn3,-2.4988282738454908
Al1Na1O8Si3,-3.1047431548497277
F6Na2Ti1,-3.2001825780187101
Mn2O4Ti1,
Be3F9Rb1Zn1,-3.351152718728784
Be3F9K1Zn1,-3.3649663317189979
Mn2S4Si1,-1.0406143940403201
Al2O4Sr1,-3.2794153482597745
Ca1Fe2O4,-2.2268842129994084
Ba2O4Si1,-3.2448616912367778
Al1As3Ca3,-1.0830259874918688
K2O17Ti8,-2.9874906963140306
S4Sc2Sr1,-2.2421087366402044
Ca3In1P3,-1.0863808478962595
Ba1Cr2O4,-2.6003179178159872
Ba1O4Y2,-3.7321090595262296
Co1O6V2,
S4Sr1Y2,-2.3800765162054613
K1O4Pb1V1,
O4Sn2Ti1,-2.422183818700713
Be1Cr2O4,-2.6721372227242961
Ge1Mn1O4Zn1,-1.946291669768744
Co2O3Rb2,-1.5334419734809317
Mn2Sn1Te4,-0.10051213290545657
Al1Na3Se3,-1.2842779164604745
Ga1K3S3,-1.4451249699826905
Mn2Na2O3,-1.9180605952349579
Al1K3Se3,-1.4041976940639809
K2Mo1S4,-1.1049181234553651
Ba1K1Nb1S4,-1.7626721764115789
Ag1Cu1O4V1,
Ba1K1O4V1,-2.8179604334408448
Ba2S4Ti1,-2.1118750134326403
Pb2S4Si1,-0.64186158457787812
Ba1Fe2O4,-2.2109768937940117
Ba1Co1S2,-1.5583027046453113
Co1Ga2S4,-0.93112260897440224
Cu2Fe1Ge1Se4,
Co1Sb1,-0.042763502463928127
Co1F4K2,-2.4520063932784844
Co1Cu2Se4Sn1,
Co1Mo1P2,
Cl3Co1Rb1,-1.4245152922754052
Co1Mn1O3,
Co1Rb2Se2,-1.1410996965378111
Co1Cu2O3,
Co2F7K3,-2.4530520843243133
Ba1Co1F4,-2.8450016039352426
Al2Co1O4,-2.7051778874057817
Ba3Co1Nb2O9,
Co3Rb2S4,-1.0262410724565219
Ca1Co1O6Si2,
Fe1Rb1S2,-1.0867399303369294
In2Mn2O7,-1.8315340590290123
Co1K6Se4,-1.2044942620823766
Ca3Co2O6,-2.4245939703812156
Co1Na6S4,-1.2147127108533406
Ba3Ga2Ge4O14,-2.5950534755509489
Au1Co1Na4O5,
Co2O6Sr3,-2.3212406961850767
Co1Mo1O4,
Al4Ba1Se7,-1.2967688341394052
Ba2Co1S3,-1.825208037621191
Ca1Mg1O4Si1,-3.2562107081550482
Fe1Mg1O4Si1,
Mn2Na2Se3,-0.93072633268042848
Be1F4Rb2,-2.9845019779548108
Co1Mn1O4Si1,
Fe1Na3Se3,-0.88694805802907073
Ga1Mg1S4Sc1,-1.6863662716721395
Fe1Mn1O4Si1,
Mg1Mn1O4Si1,-2.8392598040953407
Ag7Nb1S6,-0.35999956539139388
Co10Ge3O16,
Co2K4O5Rb2,-1.4857699814029171
Ba1Ca2O9Si3,-3.2317035924889863
F3Rb1Zn1,-2.5807764142256171
Cu1O3Si1,-2.2467799555975141
Cl3Mn1Rb1,-1.6854871216322262
S3Y2,-2.430814929269193
Ba3Nb2O9Sr1,-3.2935907914148199
Ge2K6O7,-2.0076974521736983
Ca2N8Si5,-1.27703111652992
Ge2Hg3K2Se8,-0.56384096550549367
Ba2F18Zn7,-2.794667993835799
Ba1K4S8V2,-1.502486107360451
Mn3Nb2O9Zn1,
Hg3K2S8Sn2,-0.8366184261089975
Ag1Rb3Se8Sn3,-1.0353598186787578
K2O9Si3Ti1,
Ca1O3Si1,-3.2426512871033326
K2O19Si8Zn2,-2.7699447117066676
Al2O5Si1,-3.3795857089680341
Ca1Na2O4Si1,-2.7838254410887036
Be1Na2O4Si1,-2.7328949992871601
K3Nb1S4,-1.429230396824031
K3Nb1Se4,-1.2160719420289388
Cl5Na1Sn2,-1.4130879941079919
Be1Ge1Na2O4,-2.4494163965661193
In1K1Se2,-1.1081690155209114
In2O5Ti1,-2.4156249324858994
Al1Na1Se2,-1.3365562429226969
Ge1O5Sr1Ti1,
In1K1S2,-1.250194902650589
Rb3S4V1,-1.3660407157610126
Al1K1Te2,-1.1245488248712987
Cd2K1Sb3Sr2,-0.79323056647049439
Ca2Cd2K1Sb3,-0.75866086184964665
Ag6Cr1O8Si1,
Co1P1,0.081145490109881813
Co1O3Ti1,
Co1Cu2S4Sn1,
Co1Na1O2,-1.6354039041886241
Co1Cr2Se4,
Co1F6K1Rb2,-2.4969120810045307
Co1Na2S2,-1.0903699413455903
Co1K2S2,-1.2292170293434985
Ba2Co1Mo1O6,
Co1K1O2,-1.6426512518434797
Co1Cr1O4,
Co1Nb1O4,
Ag1Co1O2,-0.97025517359947067
Co1O1,-1.2797346718182396
Co2Ni1S4,
Co1Cr2O4,
Cd1Co1Cr4S8,
Co2O4Zn1,-1.4582543866733522
Co1Mo1O6Sr2,
Co1Ge1Na2O4,
Co1Ge1O3,
Co1K6S4,-1.3432351567968097
Cr2K3Na1O8,-2.0114722010647696
Cd1Na2S4Sn1,-1.0982790110180218
Al1Sb3Sr3,-1.1123809465565375
Al2Cl8Co1,-1.4023973732236525
Cl3Cr1,-1.1967620149625593
Al1F4K1,-3.4194430197340582
Ca2Co1O7Si2,
F4K1Sc1,-3.740282907020863
F5Nb1,-2.8282734540626353
Ag3K1S2,-0.54441921119811409
Ca3Co1O6Sc1,-2.8878423796939736
Mn1O4Rb1,-1.3233719624820441
Ba2Co1O7Si2,
Ba1Ga4Se7,-1.0426511191349825
Al1Mo2Na1O8,-2.3319817140084815
Ga1N5Sr6,-0.8428383554860801
Cl4Ga1K1,-1.7853312516343254
Na2Se3Sn1,-0.86991796264760834
As4K7Nb1,-0.64895404473233009
Ba2O7Si2Zn1,-3.0720950183665661
Cl4Ga1Rb1,-1.7691151211010105
K2Te3Zr1,-1.2297025145470841
Rb2Te3Zr1,-1.3710056648584357
Ba1Be1F4,-3.6641923317012424
Ba2Ge2O7Zn1,-2.6227229868544204
K2O15Si6Ti1,
Ag1Mn1O4,-0.79207105001168276
Ba4Cu6O13Y2,-2.4005436022864957
Co2K2Na4O5,-1.5473862312861084
Al1K1O8Si3,-3.0567800308052879
Co1F3,-2.2365252754485683
Mo3O8Zn2,
Mn1Nb2O8Zn2,
Ba5N6Ti2,-1.146891399524959
Ca5N6Si2,-1.3586359618957804
Ge2N6Sr5,-0.79521576745960587
Al2Ca1O8Si2,-3.3558074522053598
O8Pb3V2,
Mn3O8V2,
Ni1O6V2,
F9Fe2Na1Pb1,
Ba1O6V2,-2.7434129546558674
Al1Ca1F6Na1,-3.6213362345007871
K2Mn2O15Si4Zn4,
Ga1Na1O8Si3,-2.9147213473877667
Ca3O5Si1,-3.3249946963294175
Be1F4Na2,-2.9932940330574107
Ag2Cr1O4,-1.1726765700832282
Na1O4Si1Y1,-3.2447131199135901
Ba1O9Si3Ti1,
Be1F4K2,-3.065220040768545
Ba2Ge1S4,-1.7037070989859768
Pb1S4Sc2,-1.5864448321249398
O4Pb2Sn1,-1.5640918174888432
In2Pb1S4,-0.65261966567122132
O4Si1Sr2,-3.2040025901259717
Cl4Rb2Zn1,-1.8506764990112849
Co2O4Si1,-1.9053464001830394
Cl4Hg1K2,-1.4783195770000017
Cu1F4K2,-2.2631659911358124
Ga1K1Na2O3,-1.9226783737844175
Ba1Cr1F5,-3.2062948702809995
O4Sn1Sr2,-2.7098335064965413
In1P3Sr3,-1.0777429500881821
Mo1N3Na3,-0.52762423151981697
Ga1K6Na3Sb4,-0.58936439131080576
Al1Ba1F5,-3.6753043696505836
Ba1Cu1Na2O8V2,
Ba1Te4Y2,-1.6329639360069508
Fe1K3Se3,-1.0630662089587548
Cl4Co1Rb2,-1.5362880478327823
Hg2Mo1O4,
Ag4Ge2Hg1S7,-0.49491833100899729
N4Zr3,-1.8188192595464523
F10K1Y3,-4.012933086949543
Pb1Sc2Se4,-1.2859751790089131
K1O4Sr1V1,-2.7559087145592489
O4Ti1Zn2,-2.3222844198612917
Ba1F5Ga1,-3.276511980976391
Mo1Rb2S4,-1.1571991891352318
Ga1Na3Se3,-1.1677284850136145
Al1Na3Te3,-1.0580942220567806
Al1K6Na3Sb4,-0.68744559440534836
Ga1K3Se3,-1.3002323504552042
Ba3Ga1P3,-1.0872620290953363
As3Ba3In1,-1.076832631025447
Ga1K3Te3,-1.1582392509701118
Al1Ca3N3,-1.3393865615044236
Mo2O9Zn3,-2.0550414273873674
Sc2Sr1Te4,-1.435164574394999
Ba1Sc2Te4,-1.4389893045995263
Ba2S4Sn1,-1.6977268455599308
Mg1Ni1O4Si1,-2.568312419956615
Ba1O9Si3Zr1,-3.1998983193914672
Ge1Mg1Mn1O4,-2.3891909563790561
Na6S7Sn2,-1.1416504235868357
F3Ni1Rb1,-2.3215025205550224
O9Rb2Si3Sn1,
Ag1Mo1Na1O4,-1.8287284796776033
Ca2O9Pb1Si3,-2.7458990856270153
Ba1O3Ti1,-3.2722983739740821
Cl4Mo1,
O9Rb2Si3Ti1,
Na4S8Sn3,-1.0226708298578799
Ge2Na6Se7,-0.85956782587016001
Ge1O3Sr1,-2.640172295923088
Mn4Nb2O9,
Ag8Se6Sn1,-0.20361921427733698
O8Si1Sn6,-2.4128457194282511
K2O9Si3Sn1,
K6O7Ti2,-2.3782403263059178
Hg3Rb2S8Sn2,-0.8469097930136229
K3Na1Se8Sn3,-0.83417840897854623
Ge2Hg3K2S8,-0.78949831651807401
Ge1O3Pb1,-1.7786194378917557
Ba2N8Si5,-1.201350071228136
Na6Se7Sn2,-0.92289042141947553
K2O9Si3Zr1,-2.9918746604584188
Cr2Hg1O7,-1.2665908609776588
Mn1Na2O2,-1.8118946779254972
Mo3O10Rb2,-2.0833710812456836
Al1Ge1O5Y1,-3.1802235814719779
F5K2Y1,-3.6065065854503886
Cr1Te3,0.26973919229286025
Ba1Ge2O5,-2.4331037540008467
K4O3Zn1,-1.5553243847455454
F5Fe1Rb2,-2.5889673699415354
Ca1O5Si2,-3.1595460611213673
K2Mn1Se4Sn1,-0.96797587640706428
Ba1O10Sc2Si3,-3.3645338699534086
O10Si3Sr1Y2,-3.4729354401155614
O5Si2Sr1,-3.1194969118147649
Ba1O5Ti2,-3.2249283382630987
Ge1O5Y2,-3.3821781850957668
As3In2K3,-0.53849876682019104
Ga1K1Te2,-0.95096814135881491
Ca5Fe1O18Si6,
Ba2Cd2K1Sb3,-0.81055459125179885
Mn1O7Si2Sr2,
As4Nb1Rb7,-0.74126856212434511
Ca2N3V1,-1.203790930446984
Ba1Cl4Zn1,-2.1671908441736996
Co1Na6Se4,-1.0404211452421626
K2Mn1O7V2,
Ba1Fe1K1O3,-2.2433350830834948
Ca2Fe1Nb1O6,
Be1Cr1S7Y3,-2.0920494080140069
Ge1Na2Se3,-0.80464064678777225
Cu1Fe2S3,
Ba5Nb4O15,-3.2381376654532454
N3Nb1Sr2,-1.2715222773937205
Fe1Mo1O4,
Co2Mn3O8,
Na2O7Si2Zn2,-2.4949019039697755
Nb2O8Zn3,-2.3565494440666344
As4Na8Ti1,-0.63951319302082599
As6Ca5Sn2,-0.80774725879255982
Na8Sb4Sn1,
Mn5O16Pb3V2,
Ba1N7Si4Y1,-1.4014565179911882
N7Si4Sr1Y1,-1.4569224724125753
Ga1In1O7Zn4,-1.9232734956734845
Cd4K6Se13Sn3,-0.96810991535879465
Co2K6O5,-1.5355986938369384
K8Sb4Sn1,
Al2O8Si2Sr1,-3.3077740554785873
Nb2O6Pb1,
F6Ge1Na2,-2.9457422626193059
Ba6Hf5S16,-2.1837049946975622
Fe2Ge1S4,-0.63314427667518647
F6Na2Si1,-3.3083354966813241
Be1O4Y2,-3.8009260345746068
In2O4Sr1,-2.3237378164067972
Pb2Se4Si1,-0.36361879117270446
Mn2O4Si1,-2.4615672173496019
Ba1S1,-2.3788777961046721
Al2Be1O4,-3.4013894414605703
Al1Ba3Sb3,-1.06324710790736
Al1Na1O4Si1,-3.1008483937117131
Ba1O9Ti4,-3.1757492555597624
Ni2O4Si1,-1.9292901815043262
Al1Ca3Sb3,-1.0630632081127462
Fe1K1Na2O3,-1.7215509661655899
Ge1Pb2S4,-0.45250579398272217
Mn2Na2S3,-1.1682971609418944
Fe1Na1O4Ti1,
Ba2S4Si1,-1.9030928346020919
Ca1Ga2O4,-2.6635894184223372
Ba2F18Ni7,-2.4216721678309256
Cr1O4Rb2,-1.9308239758579577
Ge1Na1O4Y1,-2.8162102440141297
Ba1O9Si4,-3.0073521762186113
Ba1S4Y2,-2.379889994727586
Cl4K2Zn1,-1.8621414436507464
Mn2Se4Si1,-0.67878977607334789
Na1O4Ti1Y1,-3.2303463187448864
K3Mo2Na1O8,-2.2101304173692364
Ag4Cd1Ge2S7,-0.50598809523325228
Ca1S4Y2,-2.3775573453896333
F10Pb3Zr1,-2.5202625241432259
Ag3Fe1O8V2,
F10In3Rb1,-2.6401284621529242
Ag1Mn1O4V1,
Mn1Na1O4V1,
Ga1Na3S3,-1.3584403004974659
In1Na3S3,-1.2303808957485405
Al1K3Te3,-1.2297550787704159
Na2O3Zn2,-1.6811053625497743
Ag1Cd1O4V1,-1.5815964669622793
Fe1Na3O3,-1.741765757813984
Ag2Mn1O8Sr1V2,
Ba1Se4Y2,-2.1506352097590011
Ag2Ba1Cu1O8V2,
As2Co2Sr1,-0.5582706723731885
As1Co1,0.083293559001940132
As2Ca1Co2,-0.46106105825290378
Co1Cu2Ge1S4,
Co1Fe2Se4,
Co2Ni1Se4,
As2Ba1Co2,-0.52896115893917095
Cu2P2Sr1,-0.56203228415672513
Co1F4Rb2,-2.3657222160007838
Co1F6Zr1,-3.1122896310976595
Ba2Co1F6,-3.0833923553555289
Co1F6Na1Rb2,-2.4677787250207857
Co1Rb2S2,-1.1949253847589558
Co1K2Se2,-1.0696694898807495
Cl4Cu1Rb2,-1.4135751298317623
Co2Cu1S4,
Co2Ge1O4,-1.5584919461768107
Co1Fe2O4,
Co1Na3O3,-1.6359254976946391
Co1Cr2S4,
Co2Na7O6Rb1,-1.5044557240303345
Co1F11Na1Zr2,-3.2705728117812938
Co1In2S4,-0.77135982978442996
Co1O3Y1,-2.5885994601530822
Co1O5Ti2,
F4Fe1Na1,-2.6284945135701303
K1Mn1O4,-1.3698511024604256
Cr1F4Na1,-2.8053422530277508
Fe1N2Sr2,-0.71369707455270071
Fe2Ge1Se4,-0.41877673972231388
Fe1Na3S3,-1.1019489149587134
Mg2O4Ti1,-3.1336074174810071
Co1Mg1O4Si1,
Ga1K1S4Sn1,-1.1387784692137246
Ga1Ge1K1S4,-1.1224192324111484
F5Hf1Rb1,-3.7207527266248772
Al1As1,-0.72659026253014591
O3Si1Sr1,-3.17257632265434
K4Se8Sn3,-0.89133237709570423
F4Hf1,-3.8404620734443475
Al6F21Na1Rb2,-3.4899212194477105
Ba3Cr2Mo1O9,
Ag8Ge1Se6,-0.18219146924131824
Ba1Mn1O3,-2.5397553447879062
Nb2O9Zn4,-2.2978908065736019
K2Mo3O10,-2.0568907256038758
Mn2Nb2O9Zn2,
Na6Se7Si2,-1.0466946213497099
O7Rb6Si2,-2.2361549986771325
N8Si5Sr2,-1.2605226024414842
Ag1K3Se8Sn3,-0.90996998629527193
K2O21V8,-2.3828170829306003
Cl6Na1Nb1,-1.638326183328958
Ge1Na1Nb1O5,
Na1O6Rb7Zn2,-1.4453449240622676
Ba1Ge2S5,-1.0035414331577681
K2O7Zn6,-1.6593289056279126
Cr11K3S18,-1.0420723525897762
O5Ti1Y2,-3.7693078169630745
K3S4V1,-1.3628844620772864
In3Rb1S5,-1.0225438331164458
Co4Nb2O9,
K3O4V1,-2.2758719262870186
Ba1Fe1O10Si4,
Ga1Rb1S2,-1.356998433212798
Co1F3Rb1,-2.3457739309270131
Cu1O5Ti1Zr1,
Ba1O10Si3Y2,-3.4311925801454102
Cl5K1Pb2,-1.070777890921081
In1Rb1S2,-1.2484361715812118
In1Rb1Se2,-1.2218493406856323
Mo1O3,-1.7547223520842961
Nb1O5Rb1Ti1,
Fe5Na3O9,-1.858297761846309
Na2Ni1O10Si4,-2.6432151800111878
Na2Nb4O11,-2.7977374015095586
O5Si1Y2,-3.7931470014974895
Cu1Mg2O8V2,
Co1Na2O10Si4,
Al2K2O10Si3,-3.0876791389915006
K4O9Si3Sr1,-2.7845721186993466
Ba1K4O9Si3,-2.7718353093740413
Na8O18Si6Sn1,
Ga4O9Sr3,-2.6663309640976403
Nb1Rb3S4,-1.4606852890650961
Ga1K1S2,-1.395119143619481
F12Fe2Pb3,
Fe2O7Rb8,-1.4751783861712915
Na8O18Si7,-2.7767149178412023
Ga10Ge1O20Pb3,-2.1347198634417848
Mn3O10Sr4,-2.5730575157759503
Ba1Ge3K4O9,-2.3277765045476433
Fe1Mn1O5Y1,
O5Sr1Ti2,-3.2108815349869406
Cd3Rb2Te4,-0.91737340646577659
Hg3Na2S4,-0.62169497037484289
Cu1Mo1O4,
Ga2N4Sr3,-0.85162949118985143
Hf2K2O5,-3.2577347578336662
Mo3Na2O12Zr1,-2.4249188308146046
K2Na3P3Si1,-0.55726418326351723
Ge1P3Rb5,-0.27393361798333338
As3Ge1K1Na4,-0.28313792708401797
Ge2K2Se5,-0.74977099788795076
Cr1F6Na1Sr1,-3.0557323464268706
Na2S5Si2,-1.2244998936274047
K3Na2P3Sn1,-0.43778996623907052
Ba1N10Si7,-1.0962771951948325
K1Na4Sb3Sn1,
Na4Se4Si1,-1.066486534833305
Ga3Rb1S5,-1.1720803136207096
Cd3K2Se4,-0.9045320076059653
Cu3Fe4O24V6,
K2Mo4O13,-1.9879204108884538
Ca2O12Si4Zr1,-3.2498655606188516
O12Rb2Sr1V4,-2.6201373102546377
Na2O12Sr1V4,-2.6059004147700433
Fe5K17O16,-1.6794355061684132
F15In1Zr3,-3.5040108427892136
Ba6F26Zn7,-3.1837721474660481
O3Y2,-3.9737660043682128
Ca3N2,-1.125393615082805
F4Zr1,-3.8606237375914132
Al2S3,-1.589434470178384
O2Rb2Zn1,-1.4910808457099574
F7In2K1,-2.6995186342604667
Ba8Co1Nb6O24,
Al5Na1O12Ti2,-3.3234945057753107
Al1F6K2Na1,-3.1903442023654618
Mg1Na2O12Si5,-2.9923544883512321
As4Ga3K3,-0.59012920797773427
In1K2Na3O4,-1.6883595617369713
Cu2K1Mg2O12V3,
Cu1F7K1Zr1,-2.8613171323794067
Be2Fe1O10Si2Y2,
Cu1Na2O10Si4,-2.7219267154136668
Ba7Ca2Mn3O20V2,
Al10Mn1O20Pb3,
Mn1Nb2O6,
Fe1Nb2O6,
O5Si1Sr3,-3.1993326578302361
K2O5Zr2,-3.2318922924597544
Ba1S3Sn2,-1.3234058459802411
Al1Ba2In1O5,-2.9082848706124125
Ca1Nb2O6,-3.073068169606743
Ba1Cu1O5Y2,-3.0421995667173158
Na1O4Pb1Rb3,-1.4340337698675332
Nb2O6Zn1,-2.5535678716371146
F6K1Na1Sn1,-2.8611543371878101
Ge2Na2Se5,-0.62282031977149943
As3Na5Sn1,-0.41613290694666905
Al3F12Na1Rb2,-3.3680106370754266
K5Sb3Sn1,
Al1Cu1F6K1,-2.6777924557912893
Cu2O5Y2,-2.7430831341038351
O6Sr1V2,-2.7161676185382237
Fe3Na1O5,-1.8460033177004185
Cu1Nb2O6,
Cd3Rb2S4,-1.0533496599310532
Cd3K2Te4,-0.7849044640877203
Ba3Ga2N4,-0.69557114112504426
Ga2Ge3O10Rb2,-2.2654332765215193
K1Mn1Na1O10Si4,
Ba1F7Ga1Mn1,-2.9986827629832917
Ba3O13V4,-2.8761481861879528
Ba3F12In2,-3.4412360782528717
Al2Na2O10Si3,-3.1189931842690592
Fe1Mg2O11V3,
Cr1Mg2O11V3,
Be4Na10O17Si4,-2.6365087165523149
Fe1O11V3Zn2,
O22Si4Sr4Ti5,
O21Si6Sr7Zr1,-3.2410573890137053
Ca4K2O21Si8,-3.0620473577851088
Co1Nb2O6,
Cl5Nb1,-1.4586795530465291
Mo1O4Zn1,-1.9791203295951476
Ba3S5Si1,-2.0147613019386603
Cd3Na2O10Si3,-2.3365749330224475
Na2O5Si2,-2.8012980474011036
Ca3Na2O10Si3,-3.0761488750747272
Ga2S5Sn2,-0.91917288058189683
As3K3Na2Sn1,-0.41165972017082186
Al3F12K2Na1,-3.4602694075891267
K4O4Si1,-2.2579166397296304
K4Se4Sn1,-1.080269706289084
O5Rb2Si2,-2.6704685966521837
Na1O4Rb3Ti1,-2.1992556565419106
Cd3K2S4,-1.0329928298826885
Cd3Rb2Se4,-1.0307605036954022
K1Na1O5Si2,-2.7652363880212611
Cu2O5Sc2,-2.6166473467545561
N10Si7Sr1,-1.173956747835903
Al1O4V1,-2.6878613197017502
Ge1K4O4,-1.9132003008436582
Co2O5Sr2,-2.1839413028723245
As3Na5Si1,-0.5043465558190503
As3Rb5Si1,-0.52715788644808725
Na2Se5Si2,-0.91103472020162712
As3K5Sn1,-0.45864927127510491
F6Pb2Zn1,-2.1684823153835509
Ge2Rb2S5,-1.0124424406036874
Ge1Na5P3,-0.39521973621480289
Ge2Rb2Se5,-0.87727552461028591
Nb2Ni1O6,
In1K1Mg1Mo3O12,-2.221176335505012
Ba1Fe4O11Sn2,
Fe4Mn3O24V6,
Nb2O23Rb4Si8,
Fe4Mg3O24V6,
K2O12Sr1V4,-2.6166862306273142
K2Mn1O12V4,
O23Rb6Si10,-2.7799255889979086
Mo6O24Rb8Zr1,-2.4139506201928302
In2S3,-0.72023964963431508
Al1F3,-3.6313988615291337
N2Zn3,-0.048308008561334326
Cl7Ga2K1,-1.6230164987213294
Be2K2O11Si3Zn2,-2.7994856248762665
Na2O2Pb1,-1.4807513344020515
F7K2Nb1,-3.2034537198040214
Al2Ba2Ca1F14Mg1,-3.7923984903899051
In1Na3O4Rb2,-1.6187448239552364
Fe1Ga1O3,-2.0242965975999407
As2Zn3,-0.31357093081606191
Hg1Na2S2,-0.92022408498667341
Ba2Cr1Nb1O6,
Ge1N2Sr2,-0.87065762149477521
Ca1Fe1O6Ti2,
Fe2O3,-1.7346322819974267
Ga5Na1O12Ti2,-2.6900357555306611
Mg3Sb2,-0.74557916452793638
Na1O6Si2Y1,-3.2134066629161611
Fe1O4V1,
Al3Na7O8,-2.4474316138883037
Ca2Fe2O5,-2.4459118715357251
Hg1O6V2,-1.8297521627744926
Ba1O5Y2Zn1,-3.2700483195635299
Na4Sn1Te4,-0.73747636837924047
Ba2Ga2S5,-1.699511134287802
Na5P3Si1,-0.57823879422162205
As3Hf1Na5,-0.67146131872556092
Cr1Cu1F6K1,
Al2N4Sr3,-1.2696469103574479
F7Sn1Y1,-3.2630059256920578
Al1Cd1F6Na1,-2.8927733974655245
Hg3Rb2Te4,-0.57746260228059332
Ag4Ge1O4,-0.85589091722887511
Ba1Co1O5Y2,-3.0326961088673645
Cl5Pb1Rb3,-1.4200211288301827
Mo1O6Y2,-3.4125504263400126
Al2Ca3N4,-1.4437202023945783
Nb2O6Sr1,-3.0840519954721355
Na1O5Rb1Si2,-2.6998576736389825
F6K1Na1Si1,-3.2976094619964735
Ba3Ge1Mg1N4,-0.72536490840063639
F6Fe1Na1Sr1,-2.9457025193458262
Ca4Ge1N4,-0.97959731374911474
In3Na7Se8,-1.0572415280158851
As3Ge1Na5,-0.34893187984900775
Na5P3Sn1,-0.47411369339921228
Ba2Cl6Co1,-2.0840049276118671
Al2Ba3N4,-1.10893985672997
Ge2K2S5,-1.0038075076395043
Ge1O4Rb4,-1.7778182593999672
K1Mo1O6V1,
Cd2Na4O10Si3,-2.4314561567057367
In10Pb6S21,-0.63899043265314681
K4Nb2O23Si8,
Al5Na17O16,-2.2576418099368465
Al2O10Rb2Si3,-3.0214959746372916
F10Na4Sn3,-2.5331937690364308
Ba4Mn3O10,-2.6435185258009382
Ag2Nb4O11,-2.2598383010168659
Fe1K1Na1O10Si4,
Ca1Na2O12V4,-2.5687428717048695
Ag2Ca1O12V4,-2.0941758432393991
Ag2O12Sr1V4,-2.1318172473637791
Ba1Fe6O11Zn1,-1.9764514948402043
Ba3Nb6O26Si4,
Ba6F26Mg7,-3.8524075867393672
As2Cd3,-0.12297494239527174
O3Sc2,-3.8203716935595171
P2Zn3,-0.33058455689055544
Mn1O3Si1,-2.5678202608687535
Be3N2,-2.2196416372685039
F4Mn1,-2.8172275405931209
Mg1Mo2O7,-2.1629814782778247
As2Mg3,-0.78808777096376925
Ba1F7Fe1Zn1,-2.7856637781027618
F7In1Sr2,-3.4626244595581035
Ba1Ca1F7Ga1,-3.5260452983611916
Ba1F7Fe1Mn1,
In1K3Na2O4,-1.6972752746057527
Mg4Na1O12V3,-2.8522452525923248
Be1Na2O2,-2.0830583929070747
Ba1Ca1Cr1F7,-3.3562989488272681
Ba1F7Na1Zr1,-3.8328157714854991
Al1Mo1O7V1,
Cu1F3K1,-2.0659009221838853
Al1Ca2F7,-3.8739927986365128
Cu1F7Hf1K1,-2.8072838616731848
F3K1Sn1,-2.5572719898098111
Cl6In1K3,-1.9239520207651948
O3Pb1Zr1,-2.6016790053825973
Ba1Cd1F7Ga1,-2.9430308009224113
Al1Fe1O3,-2.5063035000169274
Cr1F7Pb2,
Ca1Cu3O12Ti4,
Hf1O7V2,-2.8114985434812025
Mg1O3Si1,-3.126825189688617
Fe1O3Zr1,-2.9532597600171782
F7K1Sn1Zr1,-3.1890595296032629
Cd3P2,-0.22940244780846353
Ag1Nb1O3,-1.9184270535893155
Al2Te3,-0.5626823321296488
Be3P2,-1.1098061468147806
Mo1Na4O5,-2.0999518602337837
Cd3N2,0.36214346337671266
Al1Ba1Ca1F7,-3.7996787014917723
O7V2Zr1,-2.8313340110603828
